keyword,eos_count,eos_rate_pct,non_eos_count,non_eos_rate_pct,total_count,eos_specificity
short,899,25.338,295,2.847,1194,22.491
pin,390,10.992,787,7.596,1177,3.396000000000001
hakuto,242,6.821,871,8.407,1113,-1.5860000000000003
failure,280,7.892,788,7.605,1068,0.2869999999999999
denso,233,6.567,831,8.02,1064,-1.4529999999999994
abnormal,208,5.862,666,6.428,874,-0.5659999999999998
output,116,3.269,506,4.884,622,-1.6150000000000002
gnd,420,11.838,143,1.38,563,10.457999999999998
fail,135,3.805,381,3.677,516,0.1280000000000001
mcu,131,3.692,374,3.61,505,0.0820000000000003
error,42,1.184,447,4.314,489,-3.13
communication,110,3.1,347,3.349,457,-0.2490000000000001
ref,40,1.127,376,3.629,416,-2.502
bent,1,0.028,396,3.822,397,-3.794
signal,45,1.268,275,2.654,320,-1.386
failed,90,2.537,214,2.065,304,0.472
function,90,2.537,213,2.056,303,0.48099999999999987
low,126,3.551,166,1.602,292,1.949
issue,32,0.902,259,2.5,291,-1.5979999999999999
test,71,2.001,205,1.979,276,0.021999999999999797
gse1,84,2.368,175,1.689,259,0.6789999999999998
flash,30,0.846,216,2.085,246,-1.2389999999999999
bosch,17,0.479,228,2.201,245,-1.722
field,80,2.255,161,1.554,241,0.7009999999999998
pins,37,1.043,201,1.94,238,-0.897
current,47,1.325,188,1.814,235,-0.4890000000000001
open,19,0.536,209,2.017,228,-1.4809999999999999
pcs,101,2.847,126,1.216,227,1.631
visteon,64,1.804,158,1.525,222,0.27900000000000014
voltage,39,1.099,176,1.699,215,-0.6000000000000001
vss,148,4.171,51,0.492,199,3.6790000000000003
lead,2,0.056,192,1.853,194,-1.797
cluster,38,1.071,155,1.496,193,-0.42500000000000004
report,74,2.086,117,1.129,191,0.9569999999999999
bosch ref,8,0.225,182,1.757,190,-1.5319999999999998
customer,40,1.127,148,1.428,188,-0.30099999999999993
reset,9,0.254,178,1.718,187,-1.464
power,75,2.114,111,1.071,186,1.043
between,105,2.959,76,0.734,181,2.225
circuit,126,3.551,50,0.483,176,3.068
touch,52,1.466,110,1.062,162,0.4039999999999999
adc,18,0.507,135,1.303,153,-0.7959999999999999
malfunction,21,0.592,131,1.264,152,-0.672
resistance,87,2.452,62,0.598,149,1.854
impedance,93,2.621,50,0.483,143,2.138
high,34,0.958,108,1.042,142,-0.08400000000000007
reported,55,1.55,80,0.772,135,0.778
s6j3001lsjsc1000b,45,1.268,87,0.84,132,0.42800000000000005
analysis,41,1.156,88,0.849,129,0.30699999999999994
vdd,88,2.48,40,0.386,128,2.094
bent pins,0,0.0,126,1.216,126,-1.216
short circuit,101,2.847,25,0.241,126,2.606
open failure,0,0.0,126,1.216,126,-1.216
mrb,30,0.846,94,0.907,124,-0.061000000000000054
programming,21,0.592,101,0.975,122,-0.383
need,31,0.874,91,0.878,122,-0.0040000000000000036
defect,27,0.761,93,0.898,120,-0.137
seiki,30,0.846,89,0.859,119,-0.013000000000000012
return,54,1.522,65,0.627,119,0.895
work,30,0.846,87,0.84,117,0.006000000000000005
cannot,14,0.395,101,0.975,115,-0.58
bmw,16,0.451,99,0.956,115,-0.5049999999999999
bent pin,0,0.0,115,1.11,115,-1.11
request,43,1.212,71,0.685,114,0.5269999999999999
nippon seiki,30,0.846,83,0.801,113,0.04499999999999993
nippon,30,0.846,83,0.801,113,0.04499999999999993
abnormality,14,0.395,99,0.956,113,-0.5609999999999999
suspected,9,0.254,102,0.984,111,-0.73
chip,25,0.705,86,0.83,111,-0.125
display,20,0.564,90,0.869,110,-0.30500000000000005
off,4,0.113,104,1.004,108,-0.891
inspection,1,0.028,105,1.013,106,-0.9849999999999999
incoming,0,0.0,105,1.013,105,-1.013
hyundai,14,0.395,91,0.878,105,-0.483
lifted,0,0.0,104,1.004,104,-1.004
production,34,0.958,69,0.666,103,0.2919999999999999
hoch,1,0.028,102,0.984,103,-0.956
program,12,0.338,89,0.859,101,-0.5209999999999999
does,14,0.395,87,0.84,101,-0.44499999999999995
board,8,0.225,93,0.898,101,-0.673
line,36,1.015,64,0.618,100,0.3969999999999999
incoming inspection,0,0.0,99,0.956,99,-0.956
anschlussbeinchen,0,0.0,99,0.956,99,-0.956
steht hoch,0,0.0,99,0.956,99,-0.956
anschlussbeinchen steht,0,0.0,99,0.956,99,-0.956
lockstep,9,0.254,90,0.869,99,-0.615
steht,0,0.0,99,0.956,99,-0.956
failure analysis,33,0.93,64,0.618,97,0.31200000000000006
function failure,41,1.156,56,0.54,97,0.6159999999999999
gnd short,85,2.396,11,0.106,96,2.29
during,21,0.592,72,0.695,93,-0.10299999999999998
alpine,22,0.62,71,0.685,93,-0.06500000000000006
found,11,0.31,82,0.791,93,-0.48100000000000004
waveform,15,0.423,77,0.743,92,-0.32
damaged,65,1.832,26,0.251,91,1.581
data,6,0.169,85,0.82,91,-0.6509999999999999
working,22,0.62,68,0.656,90,-0.03600000000000003
sleep,11,0.31,79,0.762,90,-0.452
meter,24,0.676,66,0.637,90,0.039000000000000035
screen,25,0.705,62,0.598,87,0.10699999999999998
electronics,10,0.282,77,0.743,87,-0.461
wire,0,0.0,87,0.84,87,-0.84
mb96f613abpmc,61,1.719,26,0.251,87,1.468
bond,0,0.0,86,0.83,86,-0.83
pin short,58,1.635,28,0.27,86,1.365
vext,71,2.001,11,0.106,82,1.8949999999999998
hakuto ref,15,0.423,67,0.647,82,-0.22400000000000003
denso ref,15,0.423,67,0.647,82,-0.22400000000000003
internal,29,0.817,53,0.512,82,0.30499999999999994
marelli,19,0.536,61,0.589,80,-0.052999999999999936
n2e1,40,1.127,38,0.367,78,0.76
wire bond,0,0.0,78,0.753,78,-0.753
bond lifted,0,0.0,78,0.753,78,-0.753
off issue,0,0.0,78,0.753,78,-0.753
ground,64,1.804,13,0.125,77,1.679
signal abnormal,10,0.282,67,0.647,77,-0.36500000000000005
issue suspected,0,0.0,77,0.743,77,-0.743
problem,19,0.536,56,0.54,75,-0.0040000000000000036
vddp3,61,1.719,13,0.125,74,1.594
write,7,0.197,67,0.647,74,-0.45
black,25,0.705,45,0.434,70,0.27099999999999996
abnormal output,13,0.366,57,0.55,70,-0.18400000000000005
mode,11,0.31,59,0.569,70,-0.25899999999999995
missing,2,0.056,67,0.647,69,-0.591
low impedance,51,1.437,18,0.174,69,1.2630000000000001
value,22,0.62,47,0.454,69,0.16599999999999998
bent lead,0,0.0,68,0.656,68,-0.656
out,15,0.423,53,0.512,68,-0.08900000000000002
bahn,7,0.197,61,0.589,68,-0.39199999999999996
wien,6,0.169,61,0.589,67,-0.41999999999999993
level,25,0.705,42,0.405,67,0.29999999999999993
mobis,14,0.395,53,0.512,67,-0.11699999999999999
bahn wien,6,0.169,61,0.589,67,-0.41999999999999993
bitech,21,0.592,45,0.434,66,0.15799999999999997
electric,14,0.395,52,0.502,66,-0.10699999999999998
sample,22,0.62,44,0.425,66,0.195
panasonic,5,0.141,60,0.579,65,-0.43799999999999994
device,14,0.395,51,0.492,65,-0.09699999999999998
ten,23,0.648,42,0.405,65,0.243
mitsubishi,9,0.254,55,0.531,64,-0.277
operation,6,0.169,58,0.56,64,-0.391
input,17,0.479,47,0.454,64,0.024999999999999967
ate,13,0.366,50,0.483,63,-0.11699999999999999
shorted,48,1.353,15,0.145,63,1.208
temperature,2,0.056,61,0.589,63,-0.5329999999999999
pflash,0,0.0,62,0.598,62,-0.598
mark,3,0.085,59,0.569,62,-0.48399999999999993
when,15,0.423,47,0.454,62,-0.031000000000000028
boar,6,0.169,56,0.54,62,-0.371
mobis cluster,13,0.366,48,0.463,61,-0.09700000000000003
gte1,34,0.958,27,0.261,61,0.697
read,8,0.225,53,0.512,61,-0.28700000000000003
innolux,33,0.93,27,0.261,60,0.669
ecc,2,0.056,58,0.56,60,-0.504
ecu,12,0.338,48,0.463,60,-0.125
tokai rika,14,0.395,46,0.444,60,-0.04899999999999999
rika,14,0.395,46,0.444,60,-0.04899999999999999
tokai,14,0.395,46,0.444,60,-0.04899999999999999
stanley,15,0.423,44,0.425,59,-0.0020000000000000018
audi,9,0.254,49,0.473,58,-0.21899999999999997
leakage,15,0.423,42,0.405,57,0.01799999999999996
supply,36,1.015,21,0.203,57,0.8119999999999998
spi,4,0.113,53,0.512,57,-0.399
unit,6,0.169,51,0.492,57,-0.32299999999999995
anomaly,20,0.564,36,0.347,56,0.21699999999999997
p33,15,0.423,41,0.396,56,0.02699999999999997
short between,38,1.071,17,0.164,55,0.9069999999999999
stuck,5,0.141,50,0.483,55,-0.34199999999999997
nok,7,0.197,48,0.463,55,-0.266
uje1,11,0.31,43,0.415,54,-0.10499999999999998
smu,1,0.028,53,0.512,54,-0.484
bcmw,36,1.015,18,0.174,54,0.841
yazaki,18,0.507,36,0.347,54,0.16000000000000003
driving,50,1.409,4,0.039,54,1.37
foryou,7,0.197,47,0.454,54,-0.257
s6j336chtbsc20000,5,0.141,49,0.473,54,-0.33199999999999996
vcc,44,1.24,9,0.087,53,1.153
output abnormal,5,0.141,48,0.463,53,-0.32200000000000006
autron,11,0.31,42,0.405,53,-0.09500000000000003
start,7,0.197,46,0.444,53,-0.247
hyundai mobis,5,0.141,48,0.463,53,-0.32200000000000006
lead bent,1,0.028,51,0.492,52,-0.46399999999999997
bcmw reported,35,0.986,17,0.164,52,0.822
module,11,0.31,41,0.396,52,-0.08600000000000002
tde,17,0.479,35,0.338,52,0.14099999999999996
check,6,0.169,45,0.434,51,-0.265
feldausfall,45,1.268,6,0.058,51,1.21
hyundai autron,9,0.254,42,0.405,51,-0.15100000000000002
erase,7,0.197,44,0.425,51,-0.22799999999999998
continental,9,0.254,41,0.396,50,-0.14200000000000002
yanfeng,11,0.31,39,0.376,50,-0.066
output signal,9,0.254,40,0.386,49,-0.132
memory,1,0.028,48,0.463,49,-0.435
gsk5e1,10,0.282,39,0.376,49,-0.09400000000000003
denso ten,11,0.31,38,0.367,49,-0.056999999999999995
portugal,3,0.085,46,0.444,49,-0.359
hilfskontakte,0,0.0,48,0.463,48,-0.463
aurix,11,0.31,37,0.357,48,-0.046999999999999986
electrical,9,0.254,39,0.376,48,-0.122
unters,0,0.0,48,0.463,48,-0.463
one,12,0.338,36,0.347,48,-0.008999999999999952
unters hilfskontakte,0,0.0,48,0.463,48,-0.463
black screen,17,0.479,31,0.299,48,0.18
cyat81688,9,0.254,39,0.376,48,-0.122
all,9,0.254,38,0.367,47,-0.11299999999999999
car,15,0.423,32,0.309,47,0.11399999999999999
inc,12,0.338,35,0.338,47,0.0
test fail,11,0.31,36,0.347,47,-0.03699999999999998
leads,0,0.0,46,0.444,46,-0.444
yazaki meter,15,0.423,31,0.299,46,0.124
communication error,9,0.254,37,0.357,46,-0.10299999999999998
functional,7,0.197,39,0.376,46,-0.179
function fail,11,0.31,35,0.338,46,-0.028000000000000025
showed,11,0.31,35,0.338,46,-0.028000000000000025
low resistance,25,0.705,21,0.203,46,0.502
component,3,0.085,43,0.415,46,-0.32999999999999996
far,13,0.366,32,0.309,45,0.056999999999999995
production line,10,0.282,35,0.338,45,-0.05600000000000005
proc,45,1.268,0,0.0,45,1.268
ltd,20,0.564,25,0.241,45,0.32299999999999995
driving proc,45,1.268,0,0.0,45,1.268
parts,5,0.141,39,0.376,44,-0.23500000000000001
output abnormality,5,0.141,39,0.376,44,-0.23500000000000001
fault,6,0.169,38,0.367,44,-0.19799999999999998
lbist,5,0.141,38,0.367,43,-0.226
communication failure,13,0.366,30,0.29,43,0.07600000000000001
anden,7,0.197,36,0.347,43,-0.14999999999999997
doesn,12,0.338,31,0.299,43,0.039000000000000035
ball,12,0.338,31,0.299,43,0.039000000000000035
micro,10,0.282,33,0.319,43,-0.03700000000000003
sleep current,4,0.113,39,0.376,43,-0.263
systems,4,0.113,39,0.376,43,-0.263
unable,5,0.141,37,0.357,42,-0.216
yanfeng visteon,9,0.254,33,0.319,42,-0.065
cp9053at,0,0.0,42,0.405,42,-0.405
autron cluster,5,0.141,37,0.357,42,-0.216
sanda,1,0.028,41,0.396,42,-0.368
wiring systems,4,0.113,37,0.357,41,-0.244
wiring,4,0.113,37,0.357,41,-0.244
clock,1,0.028,40,0.386,41,-0.358
field return,13,0.366,28,0.27,41,0.09599999999999997
port,7,0.197,34,0.328,41,-0.131
microcontroller,8,0.225,33,0.319,41,-0.094
preh,8,0.225,33,0.319,41,-0.094
mitsubishi sanda,1,0.028,40,0.386,41,-0.358
jtag,11,0.31,29,0.28,40,0.02999999999999997
see,13,0.366,27,0.261,40,0.10499999999999998
f4e1,2,0.056,38,0.367,40,-0.311
shanghai,22,0.62,18,0.174,40,0.446
nissan,7,0.197,33,0.319,40,-0.122
short failure,30,0.846,10,0.097,40,0.749
bit,0,0.0,40,0.386,40,-0.386
consumption,9,0.254,31,0.299,40,-0.044999999999999984
project,6,0.169,33,0.319,39,-0.15
pioneer,1,0.028,38,0.367,39,-0.33899999999999997
p00,16,0.451,23,0.222,39,0.229
lockstep error,9,0.254,30,0.29,39,-0.035999999999999976
zero,3,0.085,36,0.347,39,-0.26199999999999996
corporation,6,0.169,32,0.309,38,-0.13999999999999999
dtc,4,0.113,34,0.328,38,-0.21500000000000002
discoloration,0,0.0,38,0.367,38,-0.367
please,4,0.113,34,0.328,38,-0.21500000000000002
alarm,0,0.0,38,0.367,38,-0.367
sumitomo,4,0.113,34,0.328,38,-0.21500000000000002
too,12,0.338,26,0.251,38,0.08700000000000002
package,5,0.141,33,0.319,38,-0.17800000000000002
wrong,2,0.056,36,0.347,38,-0.291
ict,18,0.507,20,0.193,38,0.314
vddd,29,0.817,9,0.087,38,0.73
output waveform,6,0.169,32,0.309,38,-0.13999999999999999
vddm,29,0.817,8,0.077,37,0.74
visteon report,27,0.761,10,0.097,37,0.664
pin1,23,0.648,14,0.135,37,0.513
ate test,9,0.254,28,0.27,37,-0.016000000000000014
juno,4,0.113,33,0.319,37,-0.20600000000000002
esr0,4,0.113,33,0.319,37,-0.20600000000000002
foreign,0,0.0,37,0.357,37,-0.357
signals,9,0.254,27,0.261,36,-0.007000000000000006
operation malfunction,4,0.113,32,0.309,36,-0.196
fixed,8,0.225,28,0.27,36,-0.04500000000000001
vss short,33,0.93,3,0.029,36,0.901
s5000,3,0.085,33,0.319,36,-0.23399999999999999
connect,6,0.169,29,0.28,35,-0.11100000000000002
s6j334,4,0.113,31,0.299,35,-0.186
temp,3,0.085,32,0.309,35,-0.22399999999999998
cp8791bt,0,0.0,35,0.338,35,-0.338
bitech report,12,0.338,23,0.222,35,0.11600000000000002
inop,4,0.113,31,0.299,35,-0.186
asti,26,0.733,9,0.087,35,0.646
controller,16,0.451,19,0.183,35,0.268
s6j324,19,0.536,16,0.154,35,0.382
renault,0,0.0,35,0.338,35,-0.338
faulty,2,0.056,32,0.309,34,-0.253
fails,6,0.169,28,0.27,34,-0.101
s6j334 failed,4,0.113,30,0.29,34,-0.177
debug,10,0.282,24,0.232,34,0.04999999999999996
core,8,0.225,26,0.251,34,-0.025999999999999995
output error,3,0.085,31,0.299,34,-0.21399999999999997
code,1,0.028,33,0.319,34,-0.291
proj,22,0.62,12,0.116,34,0.504
pcs s6j334,4,0.113,30,0.29,34,-0.177
correct,0,0.0,33,0.319,33,-0.319
porst,9,0.254,24,0.232,33,0.021999999999999992
visteon portugal,0,0.0,33,0.319,33,-0.319
bwm,3,0.085,30,0.29,33,-0.20499999999999996
product,4,0.113,28,0.27,32,-0.15700000000000003
returned,12,0.338,20,0.193,32,0.14500000000000002
power supply,16,0.451,16,0.154,32,0.29700000000000004
surface,0,0.0,32,0.309,32,-0.309
turn,4,0.113,28,0.27,32,-0.15700000000000003
register,3,0.085,29,0.28,32,-0.195
current consumption,9,0.254,23,0.222,32,0.032
bnd,13,0.366,19,0.183,32,0.183
possible,12,0.338,20,0.193,32,0.14500000000000002
dnph,4,0.113,28,0.27,32,-0.15700000000000003
suzhou,5,0.141,26,0.251,31,-0.11000000000000001
leak,5,0.141,26,0.251,31,-0.11000000000000001
dflash,1,0.028,30,0.29,31,-0.26199999999999996
vdd short,27,0.761,4,0.039,31,0.722
suspect,4,0.113,27,0.261,31,-0.14800000000000002
alps,14,0.395,17,0.164,31,0.231
mb91f071fhepmc,20,0.564,11,0.106,31,0.45799999999999996
mb90f037jdspmc,6,0.169,25,0.241,31,-0.07199999999999998
communication fail,5,0.141,26,0.251,31,-0.11000000000000001
waveform abnormality,4,0.113,27,0.261,31,-0.14800000000000002
fei,4,0.113,27,0.261,31,-0.14800000000000002
converter,0,0.0,31,0.299,31,-0.299
drop,5,0.141,26,0.251,31,-0.11000000000000001
fujitsu,2,0.056,28,0.27,30,-0.21400000000000002
fiel,3,0.085,27,0.261,30,-0.176
cy8ctma461as,0,0.0,30,0.29,30,-0.29
bitech reported,8,0.225,22,0.212,30,0.013000000000000012
normal,5,0.141,25,0.241,30,-0.1
daimler,3,0.085,27,0.261,30,-0.176
pin23,20,0.564,10,0.097,30,0.46699999999999997
conti,9,0.254,21,0.203,30,0.05099999999999999
case,3,0.085,27,0.261,30,-0.176
damage,12,0.338,18,0.174,30,0.16400000000000003
i2c,10,0.282,20,0.193,30,0.08899999999999997
cy8c4014lqa,14,0.395,16,0.154,30,0.24100000000000002
nicht,6,0.169,24,0.232,30,-0.063
eol,4,0.113,25,0.241,29,-0.128
resets,2,0.056,27,0.261,29,-0.20500000000000002
futureelectronics,6,0.169,23,0.222,29,-0.05299999999999999
part,5,0.141,24,0.232,29,-0.09100000000000003
alle,17,0.479,12,0.116,29,0.363
ram,1,0.028,28,0.27,29,-0.24200000000000002
customers,25,0.705,4,0.039,29,0.6659999999999999
stanley electric,7,0.197,22,0.212,29,-0.014999999999999986
tyw,6,0.169,23,0.222,29,-0.05299999999999999
tape,0,0.0,29,0.28,29,-0.28
abnormal resistance,18,0.507,11,0.106,29,0.401
spec,7,0.197,22,0.212,29,-0.014999999999999986
field failure,12,0.338,17,0.164,29,0.17400000000000002
tft,2,0.056,27,0.261,29,-0.20500000000000002
boot,3,0.085,25,0.241,28,-0.15599999999999997
suzhou report,5,0.141,23,0.222,28,-0.08100000000000002
detected,8,0.225,20,0.193,28,0.032
abnormal signal,4,0.113,24,0.232,28,-0.11900000000000001
shenzhen,5,0.141,23,0.222,28,-0.08100000000000002
cpu,3,0.085,25,0.241,28,-0.15599999999999997
output voltage,2,0.056,26,0.251,28,-0.195
customers return,24,0.676,4,0.039,28,0.637
pioneer cy8ctma461as,0,0.0,28,0.27,28,-0.27
malfunction reset,0,0.0,28,0.27,28,-0.27
esd,24,0.676,4,0.039,28,0.637
shanghai visteon,22,0.62,6,0.058,28,0.5619999999999999
yna,6,0.169,22,0.212,28,-0.04299999999999998
verification,1,0.028,27,0.261,28,-0.233
igbt,14,0.395,13,0.125,27,0.27
bandgap,0,0.0,27,0.261,27,-0.261
programmed,9,0.254,18,0.174,27,0.08000000000000002
harman,4,0.113,23,0.222,27,-0.109
jae,6,0.169,21,0.203,27,-0.034
contamination,0,0.0,27,0.261,27,-0.261
connection,3,0.085,24,0.232,27,-0.14700000000000002
without,4,0.113,23,0.222,27,-0.109
gwm,4,0.113,23,0.222,27,-0.109
fujitsu ref,1,0.028,26,0.251,27,-0.223
hsae,11,0.31,16,0.154,27,0.156
vssd,19,0.536,8,0.077,27,0.459
mb96f646rbpmc,8,0.225,19,0.183,27,0.04200000000000001
blank,2,0.056,25,0.241,27,-0.185
ota,10,0.282,17,0.164,27,0.11799999999999997
requested,4,0.113,23,0.222,27,-0.109
s433,7,0.197,20,0.193,27,0.0040000000000000036
wake,5,0.141,22,0.212,27,-0.07100000000000001
voltage abnormal,7,0.197,20,0.193,27,0.0040000000000000036
legs,0,0.0,27,0.261,27,-0.261
crack,0,0.0,26,0.251,26,-0.251
omron,1,0.028,25,0.241,26,-0.213
lock,0,0.0,26,0.251,26,-0.251
geely,13,0.366,13,0.125,26,0.241
tsmt,1,0.028,25,0.241,26,-0.213
mb91f057pmc,10,0.282,16,0.154,26,0.12799999999999997
shenzhen stanley,5,0.141,21,0.203,26,-0.06200000000000003
lin,4,0.113,22,0.212,26,-0.09899999999999999
technology,11,0.31,15,0.145,26,0.165
between pin,18,0.507,8,0.077,26,0.43
defective,6,0.169,20,0.193,26,-0.023999999999999994
comm,8,0.225,18,0.174,26,0.05100000000000002
about,6,0.169,20,0.193,26,-0.023999999999999994
cold,1,0.028,25,0.241,26,-0.213
magneti,5,0.141,20,0.193,25,-0.05200000000000002
pcba,8,0.225,17,0.164,25,0.061
short fail,19,0.536,6,0.058,25,0.47800000000000004
feldausfall proj,21,0.592,4,0.039,25,0.5529999999999999
germany,1,0.028,24,0.232,25,-0.20400000000000001
market,21,0.592,4,0.039,25,0.5529999999999999
magneti marelli,5,0.141,20,0.193,25,-0.05200000000000002
discolor,0,0.0,25,0.241,25,-0.241
electric wiring,4,0.113,21,0.203,25,-0.09000000000000001
touch function,7,0.197,18,0.174,25,0.02300000000000002
failures,4,0.113,21,0.203,25,-0.09000000000000001
market customers,21,0.592,4,0.039,25,0.5529999999999999
crc,0,0.0,25,0.241,25,-0.241
non,1,0.028,24,0.232,25,-0.20400000000000001
sumitomo electric,4,0.113,21,0.203,25,-0.09000000000000001
ecc error,2,0.056,23,0.222,25,-0.166
uncorrectable,0,0.0,25,0.241,25,-0.241
over,4,0.113,21,0.203,25,-0.09000000000000001
systems inc,4,0.113,20,0.193,24,-0.08
low voltage,9,0.254,15,0.145,24,0.10900000000000001
w20,23,0.648,1,0.01,24,0.638
cpu1,1,0.028,23,0.222,24,-0.194
resistance abnormal,15,0.423,9,0.087,24,0.33599999999999997
circuit between,22,0.62,2,0.019,24,0.601
burn,6,0.169,18,0.174,24,-0.004999999999999977
pcs s6j324,17,0.479,7,0.068,24,0.411
thai,4,0.113,20,0.193,24,-0.08
light,7,0.197,17,0.164,24,0.033
mb91f061bspmc1,8,0.225,16,0.154,24,0.07100000000000001
kurzschluss,19,0.536,5,0.048,24,0.48800000000000004
apply,11,0.31,13,0.125,24,0.185
errors,1,0.028,23,0.222,24,-0.194
one pcs,4,0.113,20,0.193,24,-0.08
observed,4,0.113,20,0.193,24,-0.08
s6j324 failed,17,0.479,7,0.068,24,0.411
cy8c4125lqs,6,0.169,18,0.174,24,-0.004999999999999977
incorrect,2,0.056,21,0.203,23,-0.14700000000000002
sleep mode,6,0.169,17,0.164,23,0.0050000000000000044
application,3,0.085,20,0.193,23,-0.108
feedback,2,0.056,21,0.203,23,-0.14700000000000002
programming failure,3,0.085,20,0.193,23,-0.108
confirmed,7,0.197,16,0.154,23,0.04300000000000001
version,0,0.0,23,0.222,23,-0.222
booting,5,0.141,18,0.174,23,-0.033
byd,14,0.395,9,0.087,23,0.30800000000000005
adc bandgap,0,0.0,23,0.222,23,-0.222
locked,1,0.028,22,0.212,23,-0.184
always,12,0.338,10,0.097,22,0.24100000000000002
abnormal voltage,3,0.085,19,0.183,22,-0.09799999999999999
pcb,10,0.282,12,0.116,22,0.16599999999999998
tesla,1,0.028,21,0.203,22,-0.17500000000000002
down,11,0.31,11,0.106,22,0.20400000000000001
mb90f037jds,5,0.141,17,0.164,22,-0.02300000000000002
correctly,1,0.028,21,0.203,22,-0.17500000000000002
pin output,1,0.028,21,0.203,22,-0.17500000000000002
sensor,3,0.085,19,0.183,22,-0.09799999999999999
aisin,5,0.141,17,0.164,22,-0.02300000000000002
cy8ctma616aa,7,0.197,15,0.145,22,0.05200000000000002
func,2,0.056,20,0.193,22,-0.137
control,9,0.254,13,0.125,22,0.129
trap,2,0.056,20,0.193,22,-0.137
flash memory,0,0.0,22,0.212,22,-0.212
lift,0,0.0,22,0.212,22,-0.212
toyota,1,0.028,21,0.203,22,-0.17500000000000002
nidec mobility,4,0.113,17,0.164,21,-0.051000000000000004
nidec,4,0.113,17,0.164,21,-0.051000000000000004
failu,8,0.225,13,0.125,21,0.1
failing,1,0.028,20,0.193,21,-0.165
reel,0,0.0,21,0.203,21,-0.203
bit error,0,0.0,21,0.203,21,-0.203
mobility,4,0.113,17,0.164,21,-0.051000000000000004
fehler,0,0.0,21,0.203,21,-0.203
west,9,0.254,12,0.116,21,0.138
debris,0,0.0,21,0.203,21,-0.203
lle,15,0.423,6,0.058,21,0.365
p02,4,0.113,17,0.164,21,-0.051000000000000004
defekt,8,0.225,13,0.125,21,0.1
spi communication,1,0.028,20,0.193,21,-0.165
yellow,0,0.0,21,0.203,21,-0.203
lost,11,0.31,10,0.097,21,0.213
vehicle,3,0.085,18,0.174,21,-0.08899999999999998
display error,0,0.0,21,0.203,21,-0.203
chip legs,0,0.0,20,0.193,20,-0.193
communicate,0,0.0,20,0.193,20,-0.193
txd,5,0.141,15,0.145,20,-0.0040000000000000036
warranty,8,0.225,12,0.116,20,0.109
btwn,0,0.0,20,0.193,20,-0.193
working correctly,1,0.028,19,0.183,20,-0.155
bosch suzhou,3,0.085,17,0.164,20,-0.079
falling,0,0.0,20,0.193,20,-0.193
yellow discoloration,0,0.0,20,0.193,20,-0.193
correct func,0,0.0,20,0.193,20,-0.193
displayed,6,0.169,14,0.135,20,0.034
stuck btwn,0,0.0,20,0.193,20,-0.193
multiple,3,0.085,17,0.164,20,-0.079
side,1,0.028,19,0.183,20,-0.155
slovakia,2,0.056,18,0.174,20,-0.118
visteon s6j32eeltmsc2000a,8,0.225,12,0.116,20,0.109
s6j32eeltmsc2000a,8,0.225,12,0.116,20,0.109
debris falling,0,0.0,20,0.193,20,-0.193
visteon slovakia,2,0.056,18,0.174,20,-0.118
da202204,0,0.0,20,0.193,20,-0.193
rom,2,0.056,18,0.174,20,-0.118
cp9193at,0,0.0,20,0.193,20,-0.193
clarion,3,0.085,17,0.164,20,-0.079
component defect,0,0.0,20,0.193,20,-0.193
project found,2,0.056,18,0.174,20,-0.118
panel,6,0.169,14,0.135,20,0.034
btwn chip,0,0.0,20,0.193,20,-0.193
automotive,6,0.169,14,0.135,20,0.034
failur,4,0.113,16,0.154,20,-0.040999999999999995
s6j32eeltmsc2000a need,8,0.225,12,0.116,20,0.109
vext short,19,0.536,1,0.01,20,0.526
data all,0,0.0,19,0.183,19,-0.183
pcs abnormal,0,0.0,19,0.183,19,-0.183
gsae1,12,0.338,7,0.068,19,0.27
ausfall,1,0.028,18,0.174,19,-0.146
signal output,4,0.113,15,0.145,19,-0.03199999999999999
need ate,0,0.0,19,0.183,19,-0.183
p10,6,0.169,13,0.125,19,0.04400000000000001
i2c communication,6,0.169,13,0.125,19,0.04400000000000001
response,3,0.085,16,0.154,19,-0.06899999999999999
prag,7,0.197,12,0.116,19,0.081
cy8ctma1036aa,10,0.282,9,0.087,19,0.19499999999999998
vddp3 short,18,0.507,1,0.01,19,0.497
autron hyundai,1,0.028,18,0.174,19,-0.146
metro,7,0.197,12,0.116,19,0.081
version register,0,0.0,19,0.183,19,-0.183
register read,0,0.0,19,0.183,19,-0.183
cyat81682,2,0.056,17,0.164,19,-0.10800000000000001
gpio,8,0.225,11,0.106,19,0.11900000000000001
mcu reset,2,0.056,17,0.164,19,-0.10800000000000001
hot,6,0.169,13,0.125,19,0.04400000000000001
internal short,15,0.423,4,0.039,19,0.384
meet,1,0.028,18,0.174,19,-0.146
returen,0,0.0,19,0.183,19,-0.183
show,7,0.197,12,0.116,19,0.081
valeo,0,0.0,19,0.183,19,-0.183
metro prag,7,0.197,12,0.116,19,0.081
ford,2,0.056,17,0.164,19,-0.10800000000000001
channel,1,0.028,18,0.174,19,-0.146
s6bp401am2sn1b000,6,0.169,13,0.125,19,0.04400000000000001
waveform abnormal,2,0.056,16,0.154,18,-0.098
resistance between,11,0.31,7,0.068,18,0.242
devices,7,0.197,11,0.106,18,0.09100000000000001
watchdog,3,0.085,15,0.145,18,-0.059999999999999984
could,7,0.197,11,0.106,18,0.09100000000000001
complaint,4,0.113,14,0.135,18,-0.022000000000000006
mb96f346rscpmc,2,0.056,16,0.154,18,-0.098
flashing,7,0.197,11,0.106,18,0.09100000000000001
vcctx,6,0.169,12,0.116,18,0.053000000000000005
lle photovoltaikanlag,12,0.338,6,0.058,18,0.28
clock display,0,0.0,18,0.174,18,-0.174
wechselrichterausf,12,0.338,6,0.058,18,0.28
pin25,9,0.254,9,0.087,18,0.167
cp10165at,0,0.0,18,0.174,18,-0.174
mobis mobis,13,0.366,5,0.048,18,0.318
mobility corporation,4,0.113,14,0.135,18,-0.022000000000000006
toggling,3,0.085,15,0.145,18,-0.059999999999999984
photovoltaikanlag,12,0.338,6,0.058,18,0.28
wechselrichterausf lle,12,0.338,6,0.058,18,0.28
programming issue,7,0.197,11,0.106,18,0.09100000000000001
lfhr3184684,0,0.0,18,0.174,18,-0.174
address,2,0.056,16,0.154,18,-0.098
mb91f061bs,5,0.141,13,0.125,18,0.015999999999999986
aba,4,0.113,14,0.135,18,-0.022000000000000006
mb91f528rjcpmc1,2,0.056,16,0.154,18,-0.098
solder,0,0.0,18,0.174,18,-0.174
dear,3,0.085,14,0.135,17,-0.05
related,2,0.056,15,0.145,17,-0.089
ichia,17,0.479,0,0.0,17,0.479
hvac,1,0.028,16,0.154,17,-0.126
s6bp401ab1sn1b000,0,0.0,17,0.164,17,-0.164
pcs failure,9,0.254,8,0.077,17,0.177
cy90f039dbspmc,0,0.0,17,0.164,17,-0.164
issu,5,0.141,12,0.116,17,0.02499999999999998
unexpected,1,0.028,16,0.154,17,-0.126
foryou returen,0,0.0,17,0.164,17,-0.164
mb91f060bspmc,2,0.056,15,0.145,17,-0.089
pin69,15,0.423,2,0.019,17,0.40399999999999997
p20,8,0.225,9,0.087,17,0.138
badly,0,0.0,17,0.164,17,-0.164
dongah,1,0.028,16,0.154,17,-0.126
design,6,0.169,11,0.106,17,0.06300000000000001
lfhr3184684 touch,0,0.0,17,0.164,17,-0.164
see far,10,0.282,7,0.068,17,0.21399999999999997
touch inop,0,0.0,17,0.164,17,-0.164
n2e2,1,0.028,16,0.154,17,-0.126
diode,10,0.282,7,0.068,17,0.21399999999999997
caea,8,0.225,9,0.087,17,0.138
uart,9,0.254,8,0.077,17,0.177
impedance between,12,0.338,5,0.048,17,0.29000000000000004
preh portugal,3,0.085,13,0.125,16,-0.039999999999999994
she,0,0.0,16,0.154,16,-0.154
sak,0,0.0,16,0.154,16,-0.154
der,4,0.113,12,0.116,16,-0.0030000000000000027
c4b,0,0.0,16,0.154,16,-0.154
reading,3,0.085,13,0.125,16,-0.039999999999999994
two,8,0.225,8,0.077,16,0.14800000000000002
mb91f526fscpmc,13,0.366,3,0.029,16,0.33699999999999997
inoperative,6,0.169,10,0.097,16,0.07200000000000001
system,3,0.085,13,0.125,16,-0.039999999999999994
unstable,0,0.0,16,0.154,16,-0.154
bad,5,0.141,11,0.106,16,0.03499999999999999
jeco,3,0.085,13,0.125,16,-0.039999999999999994
visteon cyat81688,2,0.056,14,0.135,16,-0.07900000000000001
mb90f039ybspmc,3,0.085,13,0.125,16,-0.039999999999999994
portugal ref,3,0.085,13,0.125,16,-0.039999999999999994
crystal,2,0.056,14,0.135,16,-0.07900000000000001
lcd,5,0.141,11,0.106,16,0.03499999999999999
normale technische,1,0.028,15,0.145,16,-0.11699999999999999
too high,2,0.056,14,0.135,16,-0.07900000000000001
ic5000,4,0.113,12,0.116,16,-0.0030000000000000027
niederohmigkeit,0,0.0,16,0.154,16,-0.154
inside,5,0.141,11,0.106,16,0.03499999999999999
cyat81658,5,0.141,11,0.106,16,0.03499999999999999
lge,4,0.113,12,0.116,16,-0.0030000000000000027
rika cy8c4125lqs,0,0.0,16,0.154,16,-0.154
mb96f6b6rbpmc,2,0.056,14,0.135,16,-0.07900000000000001
applied,6,0.169,10,0.097,16,0.07200000000000001
smt,0,0.0,16,0.154,16,-0.154
mb91f594,14,0.395,2,0.019,16,0.376
bent leads,0,0.0,16,0.154,16,-0.154
p14,8,0.225,8,0.077,16,0.14800000000000002
eeprom,0,0.0,16,0.154,16,-0.154
pcs mb91f594,14,0.395,2,0.019,16,0.376
mcu pin,6,0.169,10,0.097,16,0.07200000000000001
microcrontroller,0,0.0,16,0.154,16,-0.154
pin12,11,0.31,5,0.048,16,0.262
normale,1,0.028,15,0.145,16,-0.11699999999999999
technische,1,0.028,15,0.145,16,-0.11699999999999999
trim,0,0.0,15,0.145,15,-0.145
pin2,2,0.056,13,0.125,15,-0.069
large,2,0.056,13,0.125,15,-0.069
gsae,1,0.028,14,0.135,15,-0.10700000000000001
niederohmig,2,0.056,13,0.125,15,-0.069
pin39,11,0.31,4,0.039,15,0.271
abnormal waveform,3,0.085,12,0.116,15,-0.031
sram,0,0.0,15,0.145,15,-0.145
higher,0,0.0,15,0.145,15,-0.145
impedance abnormal,7,0.197,8,0.077,15,0.12000000000000001
lockstep failure,0,0.0,15,0.145,15,-0.145
pin28,5,0.141,10,0.097,15,0.043999999999999984
jabil,5,0.141,10,0.097,15,0.043999999999999984
corrective,2,0.056,13,0.125,15,-0.069
found one,0,0.0,15,0.145,15,-0.145
action request,2,0.056,13,0.125,15,-0.069
borgwarner,2,0.056,13,0.125,15,-0.069
bei,1,0.028,14,0.135,15,-0.10700000000000001
vddp,2,0.056,13,0.125,15,-0.069
customer corrective,2,0.056,13,0.125,15,-0.069
mb91f522bhbpmc1,2,0.056,13,0.125,15,-0.069
between pins,4,0.113,11,0.106,15,0.007000000000000006
page,0,0.0,15,0.145,15,-0.145
single,0,0.0,15,0.145,15,-0.145
technische beanstandung,1,0.028,14,0.135,15,-0.10700000000000001
issues,0,0.0,15,0.145,15,-0.145
field fail,4,0.113,11,0.106,15,0.007000000000000006
foreign matter,0,0.0,15,0.145,15,-0.145
performed,9,0.254,6,0.058,15,0.196
high current,8,0.225,7,0.068,15,0.157
faurecia,3,0.085,12,0.116,15,-0.031
specification,2,0.056,13,0.125,15,-0.069
s6j329clspsc20000,5,0.141,10,0.097,15,0.043999999999999984
beanstandung,1,0.028,14,0.135,15,-0.10700000000000001
self,0,0.0,15,0.145,15,-0.145
mb91f594 failed,13,0.366,2,0.019,15,0.347
matter,0,0.0,15,0.145,15,-0.145
action,2,0.056,13,0.125,15,-0.069
main,0,0.0,15,0.145,15,-0.145
expected,3,0.085,12,0.116,15,-0.031
abnormal impedance,7,0.197,8,0.077,15,0.12000000000000001
international,3,0.085,12,0.116,15,-0.031
anden denso,0,0.0,15,0.145,15,-0.145
mb91f047pmc,0,0.0,15,0.145,15,-0.145
used,1,0.028,14,0.135,15,-0.10700000000000001
short pin,12,0.338,3,0.029,15,0.309
switch,4,0.113,11,0.106,15,0.007000000000000006
only,3,0.085,12,0.116,15,-0.031
offset,0,0.0,15,0.145,15,-0.145
contact,2,0.056,13,0.125,15,-0.069
corruption,0,0.0,15,0.145,15,-0.145
vccd,7,0.197,8,0.077,15,0.12000000000000001
corrective action,2,0.056,13,0.125,15,-0.069
aus,3,0.085,11,0.106,14,-0.02099999999999999
booting fail,3,0.085,11,0.106,14,-0.02099999999999999
eos,8,0.225,6,0.058,14,0.167
programed,0,0.0,14,0.135,14,-0.135
msp verification,0,0.0,14,0.135,14,-0.135
circuited,9,0.254,5,0.048,14,0.20600000000000002
units,3,0.085,11,0.106,14,-0.02099999999999999
toggling pflash,0,0.0,14,0.135,14,-0.135
gse2,2,0.056,12,0.116,14,-0.060000000000000005
crc error,0,0.0,14,0.135,14,-0.135
cy96f615rbpmc,1,0.028,13,0.125,14,-0.097
line failure,5,0.141,9,0.087,14,0.05399999999999999
msp,0,0.0,14,0.135,14,-0.135
audio,1,0.028,13,0.125,14,-0.097
qualification,10,0.282,4,0.039,14,0.24299999999999997
mitsubishi heavy,8,0.225,6,0.058,14,0.167
cant,0,0.0,14,0.135,14,-0.135
honda,4,0.113,10,0.097,14,0.016
programming fail,2,0.056,12,0.116,14,-0.060000000000000005
lead discolor,0,0.0,14,0.135,14,-0.135
vssm,10,0.282,4,0.039,14,0.24299999999999997
india,12,0.338,2,0.019,14,0.319
flash data,0,0.0,14,0.135,14,-0.135
analog,0,0.0,14,0.135,14,-0.135
auf,5,0.141,9,0.087,14,0.05399999999999999
led,2,0.056,12,0.116,14,-0.060000000000000005
pad,4,0.113,10,0.097,14,0.016
tianjin,2,0.056,12,0.116,14,-0.060000000000000005
showed abnormal,2,0.056,12,0.116,14,-0.060000000000000005
p11,5,0.141,9,0.087,14,0.05399999999999999
btw,11,0.31,3,0.029,14,0.28099999999999997
cy91f522bhbpmc1,1,0.028,13,0.125,14,-0.097
page once,0,0.0,14,0.135,14,-0.135
verbrannt,14,0.395,0,0.0,14,0.395
enter,0,0.0,14,0.135,14,-0.135
heavy,8,0.225,6,0.058,14,0.167
good,1,0.028,13,0.125,14,-0.097
gsa,6,0.169,8,0.077,14,0.09200000000000001
zhenghai,6,0.169,8,0.077,14,0.09200000000000001
visual,1,0.028,13,0.125,14,-0.097
g17,5,0.141,9,0.087,14,0.05399999999999999
cannot write,3,0.085,11,0.106,14,-0.02099999999999999
wirte page,0,0.0,14,0.135,14,-0.135
startup,2,0.056,12,0.116,14,-0.060000000000000005
reflash,5,0.141,9,0.087,14,0.05399999999999999
fai,3,0.085,11,0.106,14,-0.02099999999999999
visteon p7604770fm0001,0,0.0,14,0.135,14,-0.135
showing,7,0.197,7,0.068,14,0.129
state,1,0.028,13,0.125,14,-0.097
p21,3,0.085,11,0.106,14,-0.02099999999999999
stress,3,0.085,11,0.106,14,-0.02099999999999999
s6j336ahtbsc20000,0,0.0,14,0.135,14,-0.135
top,2,0.056,12,0.116,14,-0.060000000000000005
ats1,14,0.395,0,0.0,14,0.395
communication anomaly,8,0.225,6,0.058,14,0.167
once,0,0.0,14,0.135,14,-0.135
flash write,0,0.0,14,0.135,14,-0.135
p22,4,0.113,10,0.097,14,0.016
future,4,0.113,10,0.097,14,0.016
unit does,0,0.0,14,0.135,14,-0.135
yantai,6,0.169,8,0.077,14,0.09200000000000001
vdd5,10,0.282,4,0.039,14,0.24299999999999997
zhenghai technology,6,0.169,8,0.077,14,0.09200000000000001
once toggling,0,0.0,14,0.135,14,-0.135
exception,6,0.169,8,0.077,14,0.09200000000000001
measured,11,0.31,3,0.029,14,0.28099999999999997
p7604770fm0001,0,0.0,14,0.135,14,-0.135
yantai zhenghai,6,0.169,8,0.077,14,0.09200000000000001
pcs badly,0,0.0,14,0.135,14,-0.135
auto,4,0.113,10,0.097,14,0.016
pin10,10,0.282,4,0.039,14,0.24299999999999997
analysis request,7,0.197,7,0.068,14,0.129
wirte,0,0.0,14,0.135,14,-0.135
pin80,11,0.31,2,0.019,13,0.291
field failur,1,0.028,12,0.116,13,-0.08800000000000001
gate,0,0.0,13,0.125,13,-0.125
conversion,2,0.056,11,0.106,13,-0.049999999999999996
bga,2,0.056,11,0.106,13,-0.049999999999999996
uart communication,7,0.197,6,0.058,13,0.139
voltage output,3,0.085,10,0.097,13,-0.011999999999999997
functional failure,4,0.113,9,0.087,13,0.02600000000000001
tc397,3,0.085,10,0.097,13,-0.011999999999999997
mb96f615abpmc,9,0.254,4,0.039,13,0.215
dark,1,0.028,12,0.116,13,-0.08800000000000001
particle,0,0.0,13,0.125,13,-0.125
pintopinleakageissue,0,0.0,13,0.125,13,-0.125
nach,5,0.141,8,0.077,13,0.06399999999999999
intalliance,9,0.254,4,0.039,13,0.215
ucb,0,0.0,13,0.125,13,-0.125
bootloader,0,0.0,13,0.125,13,-0.125
team,4,0.113,9,0.087,13,0.02600000000000001
sporadic,0,0.0,13,0.125,13,-0.125
gse,2,0.056,11,0.106,13,-0.049999999999999996
writing,0,0.0,13,0.125,13,-0.125
upgrade,0,0.0,13,0.125,13,-0.125
low temp,1,0.028,12,0.116,13,-0.08800000000000001
sumitomo wiring,0,0.0,13,0.125,13,-0.125
software,1,0.028,12,0.116,13,-0.08800000000000001
program failure,0,0.0,13,0.125,13,-0.125
flash programming,0,0.0,13,0.125,13,-0.125
porsche,0,0.0,13,0.125,13,-0.125
stanley international,3,0.085,10,0.097,13,-0.011999999999999997
ere1,7,0.197,6,0.058,13,0.139
nicht schaltbar,1,0.028,12,0.116,13,-0.08800000000000001
von,1,0.028,12,0.116,13,-0.08800000000000001
intermittent,2,0.056,11,0.106,13,-0.049999999999999996
some,0,0.0,13,0.125,13,-0.125
resistance value,9,0.254,4,0.039,13,0.215
v19,13,0.366,0,0.0,13,0.366
p15,5,0.141,8,0.077,13,0.06399999999999999
schaltbar,1,0.028,12,0.116,13,-0.08800000000000001
ten thai,0,0.0,13,0.125,13,-0.125
die,4,0.113,9,0.087,13,0.02600000000000001
testing,3,0.085,10,0.097,13,-0.011999999999999997
there,3,0.085,10,0.097,13,-0.011999999999999997
asian stanley,3,0.085,10,0.097,13,-0.011999999999999997
init,1,0.028,12,0.116,13,-0.08800000000000001
too low,4,0.113,9,0.087,13,0.02600000000000001
traveo,0,0.0,13,0.125,13,-0.125
oscillator,1,0.028,12,0.116,13,-0.08800000000000001
asian,3,0.085,10,0.097,13,-0.011999999999999997
tft display,0,0.0,13,0.125,13,-0.125
alm7,0,0.0,13,0.125,13,-0.125
shows,2,0.056,10,0.097,12,-0.041
p13,1,0.028,11,0.106,12,-0.078
connected,1,0.028,11,0.106,12,-0.078
quiescent current,3,0.085,9,0.087,12,-0.001999999999999988
programing,1,0.028,11,0.106,12,-0.078
bhtc ref,0,0.0,12,0.116,12,-0.116
digital,3,0.085,9,0.087,12,-0.001999999999999988
supply short,11,0.31,1,0.01,12,0.3
speci,0,0.0,12,0.116,12,-0.116
smu alarm,0,0.0,12,0.116,12,-0.116
enable,0,0.0,12,0.116,12,-0.116
then,5,0.141,7,0.068,12,0.07299999999999998
cma,0,0.0,12,0.116,12,-0.116
denso electronics,2,0.056,10,0.097,12,-0.041
scribble,6,0.169,6,0.058,12,0.11100000000000002
uje2,5,0.141,7,0.068,12,0.07299999999999998
cannot program,0,0.0,12,0.116,12,-0.116
nissan n2152,1,0.028,11,0.106,12,-0.078
range,0,0.0,12,0.116,12,-0.116
halbbr,12,0.338,0,0.0,12,0.338
vdd1vx,0,0.0,12,0.116,12,-0.116
kont gate,0,0.0,12,0.116,12,-0.116
mb15h121pmc,0,0.0,12,0.116,12,-0.116
asti india,10,0.282,2,0.019,12,0.26299999999999996
scribble design,6,0.169,6,0.058,12,0.11100000000000002
nmi,1,0.028,11,0.106,12,-0.078
proces,2,0.056,10,0.097,12,-0.041
kont,0,0.0,12,0.116,12,-0.116
quiescent,3,0.085,9,0.087,12,-0.001999999999999988
mcu internal,1,0.028,11,0.106,12,-0.078
bhtc,0,0.0,12,0.116,12,-0.116
test failure,1,0.028,11,0.106,12,-0.078
voltage drop,2,0.056,10,0.097,12,-0.041
standby,0,0.0,12,0.116,12,-0.116
n2152,1,0.028,11,0.106,12,-0.078
cken,12,0.338,0,0.0,12,0.338
mpu,0,0.0,12,0.116,12,-0.116
flash failure,4,0.113,8,0.077,12,0.036000000000000004
alle kont,0,0.0,12,0.116,12,-0.116
und,3,0.085,9,0.087,12,-0.001999999999999988
ghost touch,0,0.0,12,0.116,12,-0.116
failure sample,11,0.31,1,0.01,12,0.3
tianjin denso,2,0.056,10,0.097,12,-0.041
touch panel,3,0.085,9,0.087,12,-0.001999999999999988
firmware,1,0.028,11,0.106,12,-0.078
bus,0,0.0,12,0.116,12,-0.116
dauertest,1,0.028,11,0.106,12,-0.078
meter does,0,0.0,12,0.116,12,-0.116
cp10065at,0,0.0,12,0.116,12,-0.116
abnormal wake,1,0.028,11,0.106,12,-0.078
volvo,2,0.056,10,0.097,12,-0.041
n2152 mb96f646rbpmc,1,0.028,11,0.106,12,-0.078
ist,1,0.028,11,0.106,12,-0.078
halbbr cken,12,0.338,0,0.0,12,0.338
flash fail,0,0.0,12,0.116,12,-0.116
loss,1,0.028,11,0.106,12,-0.078
end,4,0.113,8,0.077,12,0.036000000000000004
change,1,0.028,11,0.106,12,-0.078
einen,1,0.028,11,0.106,12,-0.078
vcc short,10,0.282,2,0.019,12,0.26299999999999996
ghost,0,0.0,12,0.116,12,-0.116
warra,0,0.0,12,0.116,12,-0.116
goes,0,0.0,12,0.116,12,-0.116
xtal,3,0.085,9,0.087,12,-0.001999999999999988
pin abnormal,1,0.028,11,0.106,12,-0.078
mb9df125e,9,0.254,3,0.029,12,0.225
material,0,0.0,12,0.116,12,-0.116
alle halbbr,12,0.338,0,0.0,12,0.338
tde tianjin,2,0.056,10,0.097,12,-0.041
don,2,0.056,10,0.097,12,-0.041
pwm,3,0.085,9,0.087,12,-0.001999999999999988
dead,5,0.141,7,0.068,12,0.07299999999999998
customer feedback,0,0.0,11,0.106,11,-0.106
coplanarity,0,0.0,11,0.106,11,-0.106
driver,1,0.028,10,0.097,11,-0.069
values,2,0.056,9,0.087,11,-0.030999999999999993
pin43,6,0.169,5,0.048,11,0.12100000000000001
s6j32eeltpsc20000,0,0.0,11,0.106,11,-0.106
write failure,0,0.0,11,0.106,11,-0.106
korea,2,0.056,9,0.087,11,-0.030999999999999993
time,0,0.0,11,0.106,11,-0.106
platforms,6,0.169,5,0.048,11,0.12100000000000001
foryou customer,0,0.0,11,0.106,11,-0.106
write error,0,0.0,11,0.106,11,-0.106
power short,11,0.31,0,0.0,11,0.31
stress applied,1,0.028,10,0.097,11,-0.069
attached,3,0.085,8,0.077,11,0.008000000000000007
burning,2,0.056,9,0.087,11,-0.030999999999999993
set,2,0.056,9,0.087,11,-0.030999999999999993
p23,5,0.141,6,0.058,11,0.08299999999999999
function test,3,0.085,8,0.077,11,0.008000000000000007
huizhou foryou,0,0.0,11,0.106,11,-0.106
s6j329clspsc,1,0.028,10,0.097,11,-0.069
platforms shiroishi,6,0.169,5,0.048,11,0.12100000000000001
problems,2,0.056,9,0.087,11,-0.030999999999999993
raised,0,0.0,11,0.106,11,-0.106
instead,3,0.085,8,0.077,11,0.008000000000000007
mcu programed,0,0.0,11,0.106,11,-0.106
s6j3001lsj,4,0.113,7,0.068,11,0.045
irregular,0,0.0,11,0.106,11,-0.106
dongah dongah,1,0.028,10,0.097,11,-0.069
load,2,0.056,9,0.087,11,-0.030999999999999993
monza,4,0.113,7,0.068,11,0.045
shiroishi,6,0.169,5,0.048,11,0.12100000000000001
pcs mb9df125e,9,0.254,2,0.019,11,0.23500000000000001
cy8aa4521,0,0.0,11,0.106,11,-0.106
programmable,2,0.056,9,0.087,11,-0.030999999999999993
refer,2,0.056,9,0.087,11,-0.030999999999999993
huizhou,0,0.0,11,0.106,11,-0.106
tbd,1,0.028,10,0.097,11,-0.069
dongah hvac,1,0.028,10,0.097,11,-0.069
mcu doesn,2,0.056,9,0.087,11,-0.030999999999999993
interface,4,0.113,7,0.068,11,0.045
s6j336c,0,0.0,11,0.106,11,-0.106
oem,0,0.0,11,0.106,11,-0.106
high sleep,1,0.028,10,0.097,11,-0.069
continental ref,3,0.085,8,0.077,11,0.008000000000000007
programed failed,0,0.0,11,0.106,11,-0.106
mb91f575bhspmc,7,0.197,4,0.039,11,0.158
sw5v,6,0.169,5,0.048,11,0.12100000000000001
nec,6,0.169,5,0.048,11,0.12100000000000001
monitor,1,0.028,10,0.097,11,-0.069
product does,1,0.028,10,0.097,11,-0.069
jeco denso,3,0.085,8,0.077,11,0.008000000000000007
meet specification,1,0.028,10,0.097,11,-0.069
pin5,2,0.056,9,0.087,11,-0.030999999999999993
nsmx,1,0.028,10,0.097,11,-0.069
cy8c4147azs,3,0.085,8,0.077,11,0.008000000000000007
mb91f53bceq,10,0.282,1,0.01,11,0.27199999999999996
during programming,3,0.085,8,0.077,11,0.008000000000000007
pin164,1,0.028,10,0.097,11,-0.069
xtal1,0,0.0,11,0.106,11,-0.106
retur,5,0.141,6,0.058,11,0.08299999999999999
bonding,0,0.0,11,0.106,11,-0.106
pin lift,0,0.0,11,0.106,11,-0.106
mb96f615rbpmc,2,0.056,9,0.087,11,-0.030999999999999993
cluster black,4,0.113,7,0.068,11,0.045
key,1,0.028,10,0.097,11,-0.069
gnd niederohmig,0,0.0,11,0.106,11,-0.106
com,2,0.056,9,0.087,11,-0.030999999999999993
nec platforms,6,0.169,5,0.048,11,0.12100000000000001
cpu1 lockstep,1,0.028,9,0.087,10,-0.059
user,0,0.0,10,0.097,10,-0.097
calsonic,2,0.056,8,0.077,10,-0.020999999999999998
spi signal,1,0.028,9,0.087,10,-0.059
occurs,3,0.085,7,0.068,10,0.017
lifted leads,0,0.0,10,0.097,10,-0.097
malaysia,0,0.0,10,0.097,10,-0.097
clk,3,0.085,7,0.068,10,0.017
pin24,5,0.141,5,0.048,10,0.09299999999999999
flexray,0,0.0,10,0.097,10,-0.097
hardware,0,0.0,10,0.097,10,-0.097
deep sleep,3,0.085,7,0.068,10,0.017
pin44,6,0.169,4,0.039,10,0.13
esd test,9,0.254,1,0.01,10,0.244
ifx,0,0.0,10,0.097,10,-0.097
ohm,2,0.056,8,0.077,10,-0.020999999999999998
n20,8,0.225,2,0.019,10,0.20600000000000002
contrller,6,0.169,4,0.039,10,0.13
pass,4,0.113,6,0.058,10,0.055
additional,4,0.113,6,0.058,10,0.055
open circuit,4,0.113,6,0.058,10,0.055
gnd resistance,7,0.197,3,0.029,10,0.168
kinwong,5,0.141,5,0.048,10,0.09299999999999999
gnd impedance,6,0.169,4,0.039,10,0.13
electrical failure,1,0.028,9,0.087,10,-0.059
planarity,0,0.0,10,0.097,10,-0.097
wuhu report,6,0.169,4,0.039,10,0.13
mb91f577bhspmc,4,0.113,6,0.058,10,0.055
bsl,1,0.028,9,0.087,10,-0.059
ic1401,0,0.0,10,0.097,10,-0.097
adhesion,0,0.0,10,0.097,10,-0.097
erase issue,2,0.056,8,0.077,10,-0.020999999999999998
calsonic kansei,2,0.056,8,0.077,10,-0.020999999999999998
umc,0,0.0,10,0.097,10,-0.097
surface tape,0,0.0,10,0.097,10,-0.097
deepsleep,0,0.0,10,0.097,10,-0.097
air,4,0.113,6,0.058,10,0.055
pin planarity,0,0.0,10,0.097,10,-0.097
amber,4,0.113,6,0.058,10,0.055
pin42,3,0.085,7,0.068,10,0.017
power stress,0,0.0,10,0.097,10,-0.097
pflash ecc,0,0.0,10,0.097,10,-0.097
affected,1,0.028,9,0.087,10,-0.059
mcu flash,1,0.028,9,0.087,10,-0.059
high power,0,0.0,10,0.097,10,-0.097
cpu0,1,0.028,9,0.087,10,-0.059
dnia,1,0.028,9,0.087,10,-0.059
s6bp502a00sn2b000,3,0.085,7,0.068,10,0.017
display failure,2,0.056,8,0.077,10,-0.020999999999999998
gunze,5,0.141,5,0.048,10,0.09299999999999999
every,0,0.0,10,0.097,10,-0.097
steering,2,0.056,8,0.077,10,-0.020999999999999998
cy96f612abpmc,4,0.113,6,0.058,10,0.055
hsae mcu,6,0.169,4,0.039,10,0.13
arrow,5,0.141,5,0.048,10,0.09299999999999999
cy91f047,1,0.028,9,0.087,10,-0.059
cy91f526fsc,0,0.0,10,0.097,10,-0.097
never,0,0.0,10,0.097,10,-0.097
sampling,3,0.085,7,0.068,10,0.017
new,2,0.056,8,0.077,10,-0.020999999999999998
umc electronics,0,0.0,10,0.097,10,-0.097
thermal,3,0.085,7,0.068,10,0.017
chip programming,1,0.028,9,0.087,10,-0.059
kansei,2,0.056,8,0.077,10,-0.020999999999999998
process,2,0.056,8,0.077,10,-0.020999999999999998
preh report,3,0.085,7,0.068,10,0.017
s6bp502a00sn2b0,8,0.225,2,0.019,10,0.20600000000000002
able,2,0.056,8,0.077,10,-0.020999999999999998
lvds,1,0.028,9,0.087,10,-0.059
temperature failure,0,0.0,10,0.097,10,-0.097
deep,3,0.085,7,0.068,10,0.017
wda,2,0.056,8,0.077,10,-0.020999999999999998
japan,1,0.028,9,0.087,10,-0.059
customer found,0,0.0,10,0.097,10,-0.097
cy96f646rbpmc,4,0.113,6,0.058,10,0.055
hsae nissan,1,0.028,9,0.087,10,-0.059
chip surface,0,0.0,10,0.097,10,-0.097
lbist fail,1,0.028,9,0.087,10,-0.059
corrupted,0,0.0,10,0.097,10,-0.097
vddm short,10,0.282,0,0.0,10,0.282
mb9df125e failed,8,0.225,2,0.019,10,0.20600000000000002
requested msp,0,0.0,10,0.097,10,-0.097
aqcc,1,0.028,9,0.087,10,-0.059
reported one,2,0.056,8,0.077,10,-0.020999999999999998
cy91f071fhepmc,1,0.028,9,0.087,10,-0.059
measurement,3,0.085,7,0.068,10,0.017
mcu does,1,0.028,9,0.087,10,-0.059
planarity problem,0,0.0,10,0.097,10,-0.097
aging,1,0.028,9,0.087,10,-0.059
bill,1,0.028,9,0.087,10,-0.059
wuhu,6,0.169,4,0.039,10,0.13
download,4,0.113,6,0.058,10,0.055
hsm,0,0.0,10,0.097,10,-0.097
tc275,1,0.028,9,0.087,10,-0.059
image,5,0.141,5,0.048,10,0.09299999999999999
noise,1,0.028,9,0.087,10,-0.059
touch contrller,6,0.169,4,0.039,10,0.13
dgnd,9,0.254,0,0.0,9,0.254
failure mode,3,0.085,6,0.058,9,0.027000000000000003
pin158,0,0.0,9,0.087,9,-0.087
need supplier,1,0.028,8,0.077,9,-0.049
germany ref,0,0.0,9,0.087,9,-0.087
received,4,0.113,5,0.048,9,0.065
upgrade failed,0,0.0,9,0.087,9,-0.087
inoperable,1,0.028,8,0.077,9,-0.049
factory,4,0.113,5,0.048,9,0.065
pin voltage,1,0.028,8,0.077,9,-0.049
p01,4,0.113,5,0.048,9,0.065
same,0,0.0,9,0.087,9,-0.087
sar,0,0.0,9,0.087,9,-0.087
mcu mb96f646rbpmc,7,0.197,2,0.019,9,0.17800000000000002
hard,1,0.028,8,0.077,9,-0.049
a20,6,0.169,3,0.029,9,0.14
access,0,0.0,9,0.087,9,-0.087
lower,4,0.113,5,0.048,9,0.065
flash abnormal,1,0.028,8,0.077,9,-0.049
she filesystem,0,0.0,9,0.087,9,-0.087
soldering,1,0.028,8,0.077,9,-0.049
car level,5,0.141,4,0.039,9,0.10199999999999998
like,1,0.028,8,0.077,9,-0.049
b16,1,0.028,8,0.077,9,-0.049
supplier,1,0.028,8,0.077,9,-0.049
juno she,0,0.0,9,0.087,9,-0.087
step,1,0.028,8,0.077,9,-0.049
s6j32heltnsc20000,2,0.056,7,0.068,9,-0.012000000000000004
main mcu,0,0.0,9,0.087,9,-0.087
betw,1,0.028,8,0.077,9,-0.049
pin11,4,0.113,5,0.048,9,0.065
error during,0,0.0,9,0.087,9,-0.087
vacuum,0,0.0,9,0.087,9,-0.087
responding,1,0.028,8,0.077,9,-0.049
raised pins,0,0.0,9,0.087,9,-0.087
s6j328ckspse20000,4,0.113,5,0.048,9,0.065
bosch wuhu,5,0.141,4,0.039,9,0.10199999999999998
efe1,8,0.225,1,0.01,9,0.215
visteon used,1,0.028,8,0.077,9,-0.049
completely,0,0.0,9,0.087,9,-0.087
infortaiment,5,0.141,4,0.039,9,0.10199999999999998
lin communication,2,0.056,7,0.068,9,-0.012000000000000004
filesystem,0,0.0,9,0.087,9,-0.087
defect need,1,0.028,8,0.077,9,-0.049
vs5,0,0.0,9,0.087,9,-0.087
follow,2,0.056,7,0.068,9,-0.012000000000000004
traveo juno,0,0.0,9,0.087,9,-0.087
low temperature,0,0.0,9,0.087,9,-0.087
memory erase,0,0.0,9,0.087,9,-0.087
filesystem corruption,0,0.0,9,0.087,9,-0.087
motiv,0,0.0,9,0.087,9,-0.087
cracks,0,0.0,9,0.087,9,-0.087
mit,1,0.028,8,0.077,9,-0.049
mb90022pf,0,0.0,9,0.087,9,-0.087
vdd1v,1,0.028,8,0.077,9,-0.049
aodl,1,0.028,8,0.077,9,-0.049
s6j32lelsmsc20000,3,0.085,6,0.058,9,0.027000000000000003
cy96f6a6rbpmc,2,0.056,7,0.068,9,-0.012000000000000004
burnt,8,0.225,1,0.01,9,0.215
messages,5,0.141,4,0.039,9,0.10199999999999998
lockstep comparator,0,0.0,9,0.087,9,-0.087
cover,0,0.0,9,0.087,9,-0.087
pin31,3,0.085,6,0.058,9,0.027000000000000003
test failed,1,0.028,8,0.077,9,-0.049
function abnormal,1,0.028,8,0.077,9,-0.049
denso korea,2,0.056,7,0.068,9,-0.012000000000000004
kusatsu,0,0.0,9,0.087,9,-0.087
sqp,1,0.028,8,0.077,9,-0.049
support,0,0.0,9,0.087,9,-0.087
wave,1,0.028,8,0.077,9,-0.049
hosiden,2,0.056,7,0.068,9,-0.012000000000000004
cannot connect,0,0.0,9,0.087,9,-0.087
jkere1,0,0.0,9,0.087,9,-0.087
marelli s6j32lelsmsc20000,3,0.085,6,0.058,9,0.027000000000000003
p32,5,0.141,4,0.039,9,0.10199999999999998
a2c0031,1,0.028,8,0.077,9,-0.049
omron kusatsu,0,0.0,9,0.087,9,-0.087
erased,2,0.056,7,0.068,9,-0.012000000000000004
mb8aa4521wqn,0,0.0,9,0.087,9,-0.087
stop,0,0.0,9,0.087,9,-0.087
sw33v,5,0.141,4,0.039,9,0.10199999999999998
che,6,0.169,3,0.029,9,0.14
italy sqp,1,0.028,8,0.077,9,-0.049
customer ate,7,0.197,2,0.019,9,0.17800000000000002
s6j328,1,0.028,8,0.077,9,-0.049
infortaiment touch,5,0.141,4,0.039,9,0.10199999999999998
corporation cy8ctma616aa,2,0.056,7,0.068,9,-0.012000000000000004
attenuator,0,0.0,9,0.087,9,-0.087
touchscreen,4,0.113,5,0.048,9,0.065
pin68,3,0.085,6,0.058,9,0.027000000000000003
area,0,0.0,9,0.087,9,-0.087
ais,1,0.028,8,0.077,9,-0.049
marelli italy,1,0.028,8,0.077,9,-0.049
italy,1,0.028,8,0.077,9,-0.049
reports,0,0.0,9,0.087,9,-0.087
pin discolor,0,0.0,9,0.087,9,-0.087
tray,0,0.0,9,0.087,9,-0.087
written,3,0.085,6,0.058,9,0.027000000000000003
analysis requested,2,0.056,7,0.068,9,-0.012000000000000004
readout,0,0.0,9,0.087,9,-0.087
skoda,0,0.0,9,0.087,9,-0.087
comparator,0,0.0,9,0.087,9,-0.087
flash erase,2,0.056,7,0.068,9,-0.012000000000000004
sw5v sw33v,5,0.141,4,0.039,9,0.10199999999999998
mb91f594bspmc,2,0.056,7,0.068,9,-0.012000000000000004
event,1,0.028,8,0.077,9,-0.049
pin134,2,0.056,7,0.068,9,-0.012000000000000004
current out,1,0.028,8,0.077,9,-0.049
adc function,1,0.028,8,0.077,9,-0.049
siix,5,0.141,4,0.039,9,0.10199999999999998
ntf,0,0.0,9,0.087,9,-0.087
s6j329clspsc20000 need,5,0.141,3,0.029,8,0.11199999999999999
feldausfall intalliance,8,0.225,0,0.0,8,0.225
write flash,5,0.141,3,0.029,8,0.11199999999999999
mb3841pf,7,0.197,1,0.01,8,0.187
abnormally,3,0.085,5,0.048,8,0.037000000000000005
desay,1,0.028,7,0.068,8,-0.04000000000000001
alm9,0,0.0,8,0.077,8,-0.077
pin85,3,0.085,5,0.048,8,0.037000000000000005
normally,1,0.028,7,0.068,8,-0.04000000000000001
sn1,5,0.141,3,0.029,8,0.11199999999999999
pin resistance,8,0.225,0,0.0,8,0.225
signal pin,0,0.0,8,0.077,8,-0.077
towada,0,0.0,8,0.077,8,-0.077
sony,1,0.028,7,0.068,8,-0.04000000000000001
cover tape,0,0.0,8,0.077,8,-0.077
nfbii cluster,0,0.0,8,0.077,8,-0.077
mb94f601apmc1,0,0.0,8,0.077,8,-0.077
line failures,2,0.056,6,0.058,8,-0.0020000000000000018
reference,0,0.0,8,0.077,8,-0.077
circuit test,3,0.085,5,0.048,8,0.037000000000000005
qfn,1,0.028,7,0.068,8,-0.04000000000000001
cy94f601apmc1,0,0.0,8,0.077,8,-0.077
others,5,0.141,3,0.029,8,0.11199999999999999
input short,5,0.141,3,0.029,8,0.11199999999999999
terminals,3,0.085,5,0.048,8,0.037000000000000005
cy96f346rscpmc,1,0.028,7,0.068,8,-0.04000000000000001
further,1,0.028,7,0.068,8,-0.04000000000000001
emem,0,0.0,8,0.077,8,-0.077
coagent,0,0.0,8,0.077,8,-0.077
rma,1,0.028,7,0.068,8,-0.04000000000000001
widerstand von,0,0.0,8,0.077,8,-0.077
single bit,0,0.0,8,0.077,8,-0.077
cp8917att,3,0.085,5,0.048,8,0.037000000000000005
circui,4,0.113,4,0.039,8,0.07400000000000001
cy8c4125pvs,1,0.028,7,0.068,8,-0.04000000000000001
cycle,0,0.0,8,0.077,8,-0.077
cy8c4124,0,0.0,8,0.077,8,-0.077
an11,6,0.169,2,0.019,8,0.15000000000000002
pin7,3,0.085,5,0.048,8,0.037000000000000005
cy96f613abpmc,4,0.113,4,0.039,8,0.07400000000000001
pin50,4,0.113,4,0.039,8,0.07400000000000001
etc,1,0.028,7,0.068,8,-0.04000000000000001
current high,1,0.028,7,0.068,8,-0.04000000000000001
electrical defect,3,0.085,5,0.048,8,0.037000000000000005
terminal,2,0.056,6,0.058,8,-0.0020000000000000018
daimler cy8c4124,0,0.0,8,0.077,8,-0.077
sgm,3,0.085,5,0.048,8,0.037000000000000005
mb90f039dbspmc,3,0.085,5,0.048,8,0.037000000000000005
didn,6,0.169,2,0.019,8,0.15000000000000002
reset failure,0,0.0,8,0.077,8,-0.077
hannover,8,0.225,0,0.0,8,0.225
tcu,2,0.056,6,0.058,8,-0.0020000000000000018
conti nfbii,0,0.0,8,0.077,8,-0.077
mb90f039ybs,3,0.085,5,0.048,8,0.037000000000000005
preh ref,2,0.056,6,0.058,8,-0.0020000000000000018
s6bp502,3,0.085,5,0.048,8,0.037000000000000005
multi,0,0.0,8,0.077,8,-0.077
ram abnormal,0,0.0,8,0.077,8,-0.077
technical,1,0.028,7,0.068,8,-0.04000000000000001
mcu cannot,1,0.028,7,0.068,8,-0.04000000000000001
core1,0,0.0,8,0.077,8,-0.077
n19,3,0.085,5,0.048,8,0.037000000000000005
programming proces,0,0.0,8,0.077,8,-0.077
pin33,3,0.085,5,0.048,8,0.037000000000000005
camera,2,0.056,6,0.058,8,-0.0020000000000000018
germany daimler,0,0.0,8,0.077,8,-0.077
safe,0,0.0,8,0.077,8,-0.077
programming failed,0,0.0,8,0.077,8,-0.077
mcu failure,4,0.113,4,0.039,8,0.07400000000000001
vss abnormal,6,0.169,2,0.019,8,0.15000000000000002
stopped,0,0.0,8,0.077,8,-0.077
tms,6,0.169,2,0.019,8,0.15000000000000002
wden,0,0.0,8,0.077,8,-0.077
circuits,1,0.028,7,0.068,8,-0.04000000000000001
cluster microcontroller,0,0.0,8,0.077,8,-0.077
shifter,2,0.056,6,0.058,8,-0.0020000000000000018
panasonic automotive,1,0.028,7,0.068,8,-0.04000000000000001
app,5,0.141,3,0.029,8,0.11199999999999999
gain,0,0.0,8,0.077,8,-0.077
comparator error,0,0.0,8,0.077,8,-0.077
function nok,0,0.0,8,0.077,8,-0.077
autron autron,4,0.113,4,0.039,8,0.07400000000000001
cloudlight,2,0.056,6,0.058,8,-0.0020000000000000018
maker,7,0.197,1,0.01,8,0.187
tc387,5,0.141,3,0.029,8,0.11199999999999999
external,0,0.0,8,0.077,8,-0.077
update,1,0.028,7,0.068,8,-0.04000000000000001
vdd1v3,3,0.085,5,0.048,8,0.037000000000000005
sind verbrannt,8,0.225,0,0.0,8,0.225
jinan,4,0.113,4,0.039,8,0.07400000000000001
w20 short,7,0.197,1,0.01,8,0.187
ground short,7,0.197,1,0.01,8,0.187
programmer,1,0.028,7,0.068,8,-0.04000000000000001
keine,2,0.056,6,0.058,8,-0.0020000000000000018
occurred,3,0.085,5,0.048,8,0.037000000000000005
mb90f349caspfv,8,0.225,0,0.0,8,0.225
static,1,0.028,7,0.068,8,-0.04000000000000001
monitoring,2,0.056,6,0.058,8,-0.0020000000000000018
pcs s6bp502,3,0.085,5,0.048,8,0.037000000000000005
towada audio,0,0.0,8,0.077,8,-0.077
active,1,0.028,7,0.068,8,-0.04000000000000001
under,0,0.0,8,0.077,8,-0.077
swap,1,0.028,7,0.068,8,-0.04000000000000001
pcs1,2,0.056,6,0.058,8,-0.0020000000000000018
hardware error,0,0.0,8,0.077,8,-0.077
current abnormal,2,0.056,6,0.058,8,-0.0020000000000000018
ipc,4,0.113,4,0.039,8,0.07400000000000001
mcu short,7,0.197,1,0.01,8,0.187
s455 need,1,0.028,7,0.068,8,-0.04000000000000001
cp10059at,0,0.0,8,0.077,8,-0.077
t1xx,1,0.028,7,0.068,8,-0.04000000000000001
gsak7e2,7,0.197,1,0.01,8,0.187
canon,7,0.197,1,0.01,8,0.187
faurecia clarion,3,0.085,5,0.048,8,0.037000000000000005
dgnd low,8,0.225,0,0.0,8,0.225
sind,8,0.225,0,0.0,8,0.225
borgwarner germany,0,0.0,8,0.077,8,-0.077
pll,0,0.0,8,0.077,8,-0.077
information,2,0.056,6,0.058,8,-0.0020000000000000018
power input,5,0.141,3,0.029,8,0.11199999999999999
visteon cy8c4147azs,1,0.028,7,0.068,8,-0.04000000000000001
nfbii,0,0.0,8,0.077,8,-0.077
between vext,8,0.225,0,0.0,8,0.225
wetting,0,0.0,8,0.077,8,-0.077
a19,7,0.197,1,0.01,8,0.187
widerstand,0,0.0,8,0.077,8,-0.077
long,0,0.0,8,0.077,8,-0.077
subaru,0,0.0,8,0.077,8,-0.077
used s6j32heltnsc20000,1,0.028,7,0.068,8,-0.04000000000000001
clarion cp8636at,0,0.0,8,0.077,8,-0.077
instrument,3,0.085,5,0.048,8,0.037000000000000005
hitachi,2,0.056,6,0.058,8,-0.0020000000000000018
packaging,0,0.0,8,0.077,8,-0.077
power down,2,0.056,6,0.058,8,-0.0020000000000000018
mbist,0,0.0,8,0.077,8,-0.077
lighting,2,0.056,6,0.058,8,-0.0020000000000000018
mb91f526khepmc,0,0.0,8,0.077,8,-0.077
microcontroller issu,0,0.0,8,0.077,8,-0.077
s6bp502 failed,3,0.085,5,0.048,8,0.037000000000000005
microprocessor,0,0.0,8,0.077,8,-0.077
never goes,0,0.0,8,0.077,8,-0.077
cloudlight reported,2,0.056,6,0.058,8,-0.0020000000000000018
bandgap failed,0,0.0,8,0.077,8,-0.077
s455,1,0.028,7,0.068,8,-0.04000000000000001
impendance,8,0.225,0,0.0,8,0.225
frequency,0,0.0,8,0.077,8,-0.077
cp8636at,0,0.0,8,0.077,8,-0.077
rif,0,0.0,8,0.077,8,-0.077
visteon s6j329clspsc20000,5,0.141,3,0.029,8,0.11199999999999999
scl,3,0.085,5,0.048,8,0.037000000000000005
clarion reported,3,0.085,5,0.048,8,0.037000000000000005
bending,0,0.0,8,0.077,8,-0.077
vibration,4,0.113,4,0.039,8,0.07400000000000001
cy96f625rbpmc,3,0.085,5,0.048,8,0.037000000000000005
mb96f685rbpmc,0,0.0,8,0.077,8,-0.077
caused,0,0.0,8,0.077,8,-0.077
field retur,5,0.141,3,0.029,8,0.11199999999999999
abweichend,0,0.0,8,0.077,8,-0.077
concern,0,0.0,8,0.077,8,-0.077
lcd output,0,0.0,8,0.077,8,-0.077
contact error,0,0.0,8,0.077,8,-0.077
inverter,1,0.028,7,0.068,8,-0.04000000000000001
requires,1,0.028,7,0.068,8,-0.04000000000000001
continental jinan,4,0.113,4,0.039,8,0.07400000000000001
fail between,3,0.085,4,0.039,7,0.046000000000000006
group,0,0.0,7,0.068,7,-0.068
mb90f394hpmt,0,0.0,7,0.068,7,-0.068
flash problem,3,0.085,4,0.039,7,0.046000000000000006
cy8c21512,0,0.0,7,0.068,7,-0.068
cy96f6,3,0.085,4,0.039,7,0.046000000000000006
c4b t1xx,0,0.0,7,0.068,7,-0.068
abnormal current,2,0.056,5,0.048,7,0.008
error pin,0,0.0,7,0.068,7,-0.068
put,2,0.056,5,0.048,7,0.008
failed during,2,0.056,5,0.048,7,0.008
shang hai,5,0.141,2,0.019,7,0.12199999999999998
valeo japan,0,0.0,7,0.068,7,-0.068
mb91f725rdpmc,0,0.0,7,0.068,7,-0.068
discolored,0,0.0,7,0.068,7,-0.068
more,5,0.141,2,0.019,7,0.12199999999999998
mpu sleep,0,0.0,7,0.068,7,-0.068
false,1,0.028,6,0.058,7,-0.030000000000000002
pin99,2,0.056,5,0.048,7,0.008
mb96f646,4,0.113,3,0.029,7,0.084
industrial,2,0.056,5,0.048,7,0.008
while,1,0.028,6,0.058,7,-0.030000000000000002
write data,0,0.0,7,0.068,7,-0.068
pin101,6,0.169,1,0.01,7,0.159
geely infortaiment,5,0.141,2,0.019,7,0.12199999999999998
mcu_bandgap_error,0,0.0,7,0.068,7,-0.068
limit,1,0.028,6,0.058,7,-0.030000000000000002
other,2,0.056,5,0.048,7,0.008
tolerance,0,0.0,7,0.068,7,-0.068
t10,0,0.0,7,0.068,7,-0.068
s432,1,0.028,6,0.058,7,-0.030000000000000002
deepsleep current,0,0.0,7,0.068,7,-0.068
lst,0,0.0,7,0.068,7,-0.068
debugger,1,0.028,6,0.058,7,-0.030000000000000002
bnde,0,0.0,7,0.068,7,-0.068
when power,7,0.197,0,0.0,7,0.197
mb91f523bsdpmc1,0,0.0,7,0.068,7,-0.068
raw,4,0.113,3,0.029,7,0.084
industrial devices,2,0.056,5,0.048,7,0.008
won,2,0.056,5,0.048,7,0.008
mb96f637rbpmc,5,0.141,2,0.019,7,0.12199999999999998
sporadic resets,0,0.0,7,0.068,7,-0.068
pin32,3,0.085,4,0.039,7,0.046000000000000006
overvoltage,3,0.085,4,0.039,7,0.046000000000000006
pais,1,0.028,6,0.058,7,-0.030000000000000002
marelli cy96f6a6rbpmc,2,0.056,5,0.048,7,0.008
receive,2,0.056,5,0.048,7,0.008
good day,0,0.0,7,0.068,7,-0.068
attenuator error,0,0.0,7,0.068,7,-0.068
heating,2,0.056,5,0.048,7,0.008
bottom,0,0.0,7,0.068,7,-0.068
prod,1,0.028,6,0.058,7,-0.030000000000000002
indicator,1,0.028,6,0.058,7,-0.030000000000000002
vddp reset,0,0.0,7,0.068,7,-0.068
invalid,0,0.0,7,0.068,7,-0.068
cy91f577bhspmc,3,0.085,4,0.039,7,0.046000000000000006
cyt2,1,0.028,6,0.058,7,-0.030000000000000002
chip cannot,0,0.0,7,0.068,7,-0.068
ana,5,0.141,2,0.019,7,0.12199999999999998
mb96f696rbpmc,6,0.169,1,0.01,7,0.159
auo,5,0.141,2,0.019,7,0.12199999999999998
adc value,0,0.0,7,0.068,7,-0.068
abnormal display,4,0.113,3,0.029,7,0.084
cy91f579chspmc1,1,0.028,6,0.058,7,-0.030000000000000002
contrller failu,5,0.141,2,0.019,7,0.12199999999999998
nvm,2,0.056,5,0.048,7,0.008
short suspected,6,0.169,1,0.01,7,0.159
reset pin,0,0.0,7,0.068,7,-0.068
leak fail,1,0.028,6,0.058,7,-0.030000000000000002
pin61,4,0.113,3,0.029,7,0.084
cy90f037jdspmc,0,0.0,7,0.068,7,-0.068
dap,3,0.085,4,0.039,7,0.046000000000000006
tvii,0,0.0,7,0.068,7,-0.068
excessive,3,0.085,4,0.039,7,0.046000000000000006
final,0,0.0,7,0.068,7,-0.068
esd failure,7,0.197,0,0.0,7,0.197
solder ball,0,0.0,7,0.068,7,-0.068
configuration,3,0.085,4,0.039,7,0.046000000000000006
synopex,3,0.085,4,0.039,7,0.046000000000000006
pin30,2,0.056,5,0.048,7,0.008
output failure,1,0.028,6,0.058,7,-0.030000000000000002
condition,1,0.028,6,0.058,7,-0.030000000000000002
dark current,1,0.028,6,0.058,7,-0.030000000000000002
porst pin,2,0.056,5,0.048,7,0.008
reproducible,0,0.0,7,0.068,7,-0.068
shang,5,0.141,2,0.019,7,0.12199999999999998
quanta,2,0.056,5,0.048,7,0.008
heavy industries,4,0.113,3,0.029,7,0.084
conditioner,4,0.113,3,0.029,7,0.084
several,1,0.028,6,0.058,7,-0.030000000000000002
s6bp202a1f,7,0.197,0,0.0,7,0.197
gnd abnormal,4,0.113,3,0.029,7,0.084
identified,3,0.085,4,0.039,7,0.046000000000000006
p40,2,0.056,5,0.048,7,0.008
automatic,3,0.085,4,0.039,7,0.046000000000000006
cp10065at etc,0,0.0,7,0.068,7,-0.068
input signal,0,0.0,7,0.068,7,-0.068
current anomaly,0,0.0,7,0.068,7,-0.068
rxd,2,0.056,5,0.048,7,0.008
foreign material,0,0.0,7,0.068,7,-0.068
y20,7,0.197,0,0.0,7,0.197
micom,1,0.028,6,0.058,7,-0.030000000000000002
panasonic ais,0,0.0,7,0.068,7,-0.068
cy91f552pmc1,0,0.0,7,0.068,7,-0.068
bootloader crc,0,0.0,7,0.068,7,-0.068
goworld,2,0.056,5,0.048,7,0.008
j16,5,0.141,2,0.019,7,0.12199999999999998
ohms,6,0.169,1,0.01,7,0.159
bosch sample,0,0.0,7,0.068,7,-0.068
reset issue,0,0.0,7,0.068,7,-0.068
cyclic,0,0.0,7,0.068,7,-0.068
internal power,7,0.197,0,0.0,7,0.197
current denso,0,0.0,7,0.068,7,-0.068
fct,1,0.028,6,0.058,7,-0.030000000000000002
connector,1,0.028,6,0.058,7,-0.030000000000000002
sensitive,4,0.113,3,0.029,7,0.084
programing failure,1,0.028,6,0.058,7,-0.030000000000000002
an08,2,0.056,5,0.048,7,0.008
erase fail,1,0.028,6,0.058,7,-0.030000000000000002
mb42a110pmc1,1,0.028,6,0.058,7,-0.030000000000000002
jinan report,4,0.113,3,0.029,7,0.084
vdd1,6,0.169,1,0.01,7,0.159
pin66,3,0.085,4,0.039,7,0.046000000000000006
behavior,1,0.028,6,0.058,7,-0.030000000000000002
an00,0,0.0,7,0.068,7,-0.068
dem,2,0.056,5,0.048,7,0.008
pin35,2,0.056,5,0.048,7,0.008
hai,5,0.141,2,0.019,7,0.12199999999999998
increased,3,0.085,4,0.039,7,0.046000000000000006
team good,0,0.0,7,0.068,7,-0.068
kommunikation,2,0.056,5,0.048,7,0.008
module failure,6,0.169,1,0.01,7,0.159
broken,1,0.028,6,0.058,7,-0.030000000000000002
marubun,0,0.0,7,0.068,7,-0.068
vssd short,7,0.197,0,0.0,7,0.197
filed,1,0.028,6,0.058,7,-0.030000000000000002
chip flash,3,0.085,4,0.039,7,0.046000000000000006
dnba,0,0.0,7,0.068,7,-0.068
cp8922ct,0,0.0,7,0.068,7,-0.068
poor,0,0.0,7,0.068,7,-0.068
pack,2,0.056,5,0.048,7,0.008
pull,2,0.056,5,0.048,7,0.008
panasonic industrial,2,0.056,5,0.048,7,0.008
ict test,3,0.085,4,0.039,7,0.046000000000000006
sda,3,0.085,4,0.039,7,0.046000000000000006
please see,1,0.028,6,0.058,7,-0.030000000000000002
full,0,0.0,7,0.068,7,-0.068
tvii mpu,0,0.0,7,0.068,7,-0.068
tc387qp,2,0.056,5,0.048,7,0.008
ic1401 defect,0,0.0,7,0.068,7,-0.068
adc failure,0,0.0,7,0.068,7,-0.068
industries,4,0.113,3,0.029,7,0.084
pin13,1,0.028,6,0.058,7,-0.030000000000000002
air conditioner,4,0.113,3,0.029,7,0.084
uncorrectable error,0,0.0,7,0.068,7,-0.068
cy91f594,5,0.141,2,0.019,7,0.12199999999999998
err,0,0.0,7,0.068,7,-0.068
pin100,6,0.169,1,0.01,7,0.159
an4,1,0.028,6,0.058,7,-0.030000000000000002
bench,4,0.113,3,0.029,7,0.084
pocket,0,0.0,7,0.068,7,-0.068
check fail,0,0.0,7,0.068,7,-0.068
pin9,6,0.169,1,0.01,7,0.159
changchun,0,0.0,7,0.068,7,-0.068
impedance anomaly,5,0.141,2,0.019,7,0.12199999999999998
hase,2,0.056,5,0.048,7,0.008
vdd3,6,0.169,1,0.01,7,0.159
muc,2,0.056,5,0.048,7,0.008
day,0,0.0,7,0.068,7,-0.068
pulled,3,0.085,4,0.039,7,0.046000000000000006
referenz,3,0.085,4,0.039,7,0.046000000000000006
burned,2,0.056,4,0.039,6,0.017
validation,1,0.028,5,0.048,6,-0.02
leakage current,2,0.056,4,0.039,6,0.017
plating,0,0.0,6,0.058,6,-0.058
high resistance,2,0.056,4,0.039,6,0.017
keine kommunikation,2,0.056,4,0.039,6,0.017
without load,0,0.0,6,0.058,6,-0.058
feldausfall projekt,6,0.169,0,0.0,6,0.169
use,3,0.085,3,0.029,6,0.05600000000000001
ota failed,5,0.141,1,0.01,6,0.13099999999999998
alm1,0,0.0,6,0.058,6,-0.058
vdd1vx abweichend,0,0.0,6,0.058,6,-0.058
aptiv,2,0.056,4,0.039,6,0.017
mb91f577bhspmc1,3,0.085,3,0.029,6,0.05600000000000001
gpio pin,1,0.028,5,0.048,6,-0.02
wit,1,0.028,5,0.048,6,-0.02
tck,4,0.113,2,0.019,6,0.094
pin71,3,0.085,3,0.029,6,0.05600000000000001
low current,1,0.028,5,0.048,6,-0.02
sector,0,0.0,6,0.058,6,-0.058
s6j3001ls,0,0.0,6,0.058,6,-0.058
core power,0,0.0,6,0.058,6,-0.058
pin1 short,5,0.141,1,0.01,6,0.13099999999999998
alterungsuntersuchung,0,0.0,6,0.058,6,-0.058
got,1,0.028,5,0.048,6,-0.02
gte,2,0.056,4,0.039,6,0.017
wheel,2,0.056,4,0.039,6,0.017
flickering,0,0.0,6,0.058,6,-0.058
phase,0,0.0,6,0.058,6,-0.058
failure pin,1,0.028,5,0.048,6,-0.02
vdd5 short,5,0.141,1,0.01,6,0.13099999999999998
gac,0,0.0,6,0.058,6,-0.058
cp10005at,0,0.0,6,0.058,6,-0.058
w14,1,0.028,5,0.048,6,-0.02
still,0,0.0,6,0.058,6,-0.058
von vdd1vx,0,0.0,6,0.058,6,-0.058
cy91f594 failed,5,0.141,1,0.01,6,0.13099999999999998
freilaufdioden,4,0.113,2,0.019,6,0.094
aisin seiki,0,0.0,6,0.058,6,-0.058
s6j300ylsmsc2000a,2,0.056,4,0.039,6,0.017
communication failed,0,0.0,6,0.058,6,-0.058
lebensdauerverbrauch,3,0.085,3,0.029,6,0.05600000000000001
g3x,6,0.169,0,0.0,6,0.169
can1,2,0.056,4,0.039,6,0.017
siix thai,3,0.085,3,0.029,6,0.05600000000000001
using,0,0.0,6,0.058,6,-0.058
pitch,6,0.169,0,0.0,6,0.169
bosch malaysia,0,0.0,6,0.058,6,-0.058
blank check,0,0.0,6,0.058,6,-0.058
t11,5,0.141,1,0.01,6,0.13099999999999998
communication issue,2,0.056,4,0.039,6,0.017
projekt,6,0.169,0,0.0,6,0.169
lose,3,0.085,3,0.029,6,0.05600000000000001
abnormal sleep,0,0.0,6,0.058,6,-0.058
tsc,0,0.0,6,0.058,6,-0.058
mobase,1,0.028,5,0.048,6,-0.02
delamination,0,0.0,6,0.058,6,-0.058
s6bp502a00sn2b000 need,1,0.028,5,0.048,6,-0.02
stops,0,0.0,6,0.058,6,-0.058
dnkr,2,0.056,4,0.039,6,0.017
uncorrectable errors,0,0.0,6,0.058,6,-0.058
flash read,2,0.056,4,0.039,6,0.017
juno nok,0,0.0,6,0.058,6,-0.058
triggered,0,0.0,6,0.058,6,-0.058
station,0,0.0,6,0.058,6,-0.058
single flash,0,0.0,6,0.058,6,-0.058
mcu communication,2,0.056,4,0.039,6,0.017
pin15,1,0.028,5,0.048,6,-0.02
electrical function,0,0.0,6,0.058,6,-0.058
analog input,0,0.0,6,0.058,6,-0.058
einen nmi,0,0.0,6,0.058,6,-0.058
vddpd,0,0.0,6,0.058,6,-0.058
internal hardware,0,0.0,6,0.058,6,-0.058
engine,0,0.0,6,0.058,6,-0.058
multi bit,0,0.0,6,0.058,6,-0.058
causing,1,0.028,5,0.048,6,-0.02
ict failure,1,0.028,5,0.048,6,-0.02
pulse,1,0.028,5,0.048,6,-0.02
pin8,2,0.056,4,0.039,6,0.017
total,1,0.028,5,0.048,6,-0.02
hkmc,2,0.056,4,0.039,6,0.017
thailand,0,0.0,6,0.058,6,-0.058
vevrsb,4,0.113,2,0.019,6,0.094
first,0,0.0,6,0.058,6,-0.058
abnormal operation,0,0.0,6,0.058,6,-0.058
ig512,0,0.0,6,0.058,6,-0.058
pin124,0,0.0,6,0.058,6,-0.058
pin56,2,0.056,4,0.039,6,0.017
program burning,0,0.0,6,0.058,6,-0.058
touch screen,2,0.056,4,0.039,6,0.017
available,2,0.056,4,0.039,6,0.017
pin95,3,0.085,3,0.029,6,0.05600000000000001
a2c,0,0.0,6,0.058,6,-0.058
pin27,3,0.085,3,0.029,6,0.05600000000000001
b01,0,0.0,6,0.058,6,-0.058
half,0,0.0,6,0.058,6,-0.058
sw33v fixed,3,0.085,3,0.029,6,0.05600000000000001
ig512 offset,0,0.0,6,0.058,6,-0.058
unlock,0,0.0,6,0.058,6,-0.058
times,0,0.0,6,0.058,6,-0.058
continuous,0,0.0,6,0.058,6,-0.058
counter,0,0.0,6,0.058,6,-0.058
working abnormally,3,0.085,3,0.029,6,0.05600000000000001
ecu using,0,0.0,6,0.058,6,-0.058
warranty return,3,0.085,3,0.029,6,0.05600000000000001
internally,5,0.141,1,0.01,6,0.13099999999999998
bandgap issue,0,0.0,6,0.058,6,-0.058
auf lebensdauerverbrauch,3,0.085,3,0.029,6,0.05600000000000001
mb90f,2,0.056,4,0.039,6,0.017
returns,0,0.0,6,0.058,6,-0.058
referenz conti,3,0.085,3,0.029,6,0.05600000000000001
phasen,4,0.113,2,0.019,6,0.094
current showed,4,0.113,2,0.019,6,0.094
claim,3,0.085,3,0.029,6,0.05600000000000001
igbts,6,0.169,0,0.0,6,0.169
part failed,2,0.056,4,0.039,6,0.017
pin impedance,3,0.085,3,0.029,6,0.05600000000000001
vcctx pin,1,0.028,5,0.048,6,-0.02
opty,5,0.141,1,0.01,6,0.13099999999999998
pin problems,0,0.0,6,0.058,6,-0.058
cy8,0,0.0,6,0.058,6,-0.058
stra hannover,6,0.169,0,0.0,6,0.169
cyclic resets,0,0.0,6,0.058,6,-0.058
phasen defekt,4,0.113,2,0.019,6,0.094
error code,0,0.0,6,0.058,6,-0.058
signature,1,0.028,5,0.048,6,-0.02
fix,2,0.056,4,0.039,6,0.017
running,1,0.028,5,0.048,6,-0.02
reques,0,0.0,6,0.058,6,-0.058
please refer,1,0.028,5,0.048,6,-0.02
reset signal,2,0.056,4,0.039,6,0.017
warped pin,0,0.0,6,0.058,6,-0.058
an24,1,0.028,5,0.048,6,-0.02
abnormal function,1,0.028,5,0.048,6,-0.02
magna,2,0.056,4,0.039,6,0.017
adc voltage,1,0.028,5,0.048,6,-0.02
properly,2,0.056,4,0.039,6,0.017
mcu booting,1,0.028,5,0.048,6,-0.02
permanent,0,0.0,6,0.058,6,-0.058
production failure,3,0.085,3,0.029,6,0.05600000000000001
short pin10,6,0.169,0,0.0,6,0.169
bdc,0,0.0,6,0.058,6,-0.058
acu,0,0.0,6,0.058,6,-0.058
s6j342aftbsv20000,5,0.141,1,0.01,6,0.13099999999999998
abno,2,0.056,4,0.039,6,0.017
marelli report,3,0.085,3,0.029,6,0.05600000000000001
pin53,6,0.169,0,0.0,6,0.169
pin135,0,0.0,6,0.058,6,-0.058
denso measures,0,0.0,6,0.058,6,-0.058
omron shanghai,0,0.0,6,0.058,6,-0.058
checksum,0,0.0,6,0.058,6,-0.058
stick,0,0.0,6,0.058,6,-0.058
hai visteon,5,0.141,1,0.01,6,0.13099999999999998
cpu0 lockstep,1,0.028,5,0.048,6,-0.02
switching,2,0.056,4,0.039,6,0.017
resistive,2,0.056,4,0.039,6,0.017
functioning,0,0.0,6,0.058,6,-0.058
messungen,0,0.0,6,0.058,6,-0.058
stra,6,0.169,0,0.0,6,0.169
warped,0,0.0,6,0.058,6,-0.058
pin open,1,0.028,5,0.048,6,-0.02
mcu blank,0,0.0,6,0.058,6,-0.058
pin55,3,0.085,3,0.029,6,0.05600000000000001
dashboard,1,0.028,5,0.048,6,-0.02
cy90f9,0,0.0,6,0.058,6,-0.058
zwei phasen,4,0.113,2,0.019,6,0.094
p34,2,0.056,4,0.039,6,0.017
sn2,3,0.085,3,0.029,6,0.05600000000000001
krefeld,6,0.169,0,0.0,6,0.169
truetouch,2,0.056,4,0.039,6,0.017
false touch,1,0.028,5,0.048,6,-0.02
untersuchung,3,0.085,3,0.029,6,0.05600000000000001
tin,0,0.0,6,0.058,6,-0.058
visteon s6bp502a00sn2b000,1,0.028,5,0.048,6,-0.02
pin45,3,0.085,3,0.029,6,0.05600000000000001
pitch controller,6,0.169,0,0.0,6,0.169
ic34000,0,0.0,6,0.058,6,-0.058
ota upgrade,0,0.0,6,0.058,6,-0.058
solenoid,3,0.085,3,0.029,6,0.05600000000000001
an5,1,0.028,5,0.048,6,-0.02
content,0,0.0,6,0.058,6,-0.058
top igbt,0,0.0,6,0.058,6,-0.058
multiple pin,1,0.028,5,0.048,6,-0.02
abnormalities,1,0.028,5,0.048,6,-0.02
cy96f673abpmc1,1,0.028,5,0.048,6,-0.02
safety,0,0.0,6,0.058,6,-0.058
rail,4,0.113,2,0.019,6,0.094
offset without,0,0.0,6,0.058,6,-0.058
sbe,0,0.0,6,0.058,6,-0.058
pin3,4,0.113,2,0.019,6,0.094
rese,2,0.056,4,0.039,6,0.017
anomaly failure,2,0.056,4,0.039,6,0.017
field failu,0,0.0,6,0.058,6,-0.058
mode current,4,0.113,2,0.019,6,0.094
cy8c4146lqs,2,0.056,4,0.039,6,0.017
crystal oscillator,1,0.028,5,0.048,6,-0.02
end customer,2,0.056,4,0.039,6,0.017
date,0,0.0,6,0.058,6,-0.058
alps line,2,0.056,4,0.039,6,0.017
gsae2,5,0.141,1,0.01,6,0.13099999999999998
measure,2,0.056,4,0.039,6,0.017
critical,1,0.028,5,0.048,6,-0.02
resetting,0,0.0,6,0.058,6,-0.058
sal,1,0.028,5,0.048,6,-0.02
circuit pin,3,0.085,3,0.029,6,0.05600000000000001
aufschmelzungen,5,0.141,1,0.01,6,0.13099999999999998
mb91f594bhspmc,2,0.056,4,0.039,6,0.017
tou,2,0.056,4,0.039,6,0.017
aging sample,0,0.0,6,0.058,6,-0.058
irled,6,0.169,0,0.0,6,0.169
output pin,0,0.0,6,0.058,6,-0.058
level pin,4,0.113,2,0.019,6,0.094
form,2,0.056,4,0.039,6,0.017
b01 project,0,0.0,6,0.058,6,-0.058
power pin,5,0.141,1,0.01,6,0.13099999999999998
flash bit,0,0.0,6,0.058,6,-0.058
bmw g3x,6,0.169,0,0.0,6,0.169
cy96f004rapmc,0,0.0,6,0.058,6,-0.058
abnor,0,0.0,6,0.058,6,-0.058
pcs cy91f594,5,0.141,1,0.01,6,0.13099999999999998
pin123,4,0.113,2,0.019,6,0.094
pin153,1,0.028,5,0.048,6,-0.02
bond lift,0,0.0,6,0.058,6,-0.058
unexpected reset,1,0.028,5,0.048,6,-0.02
untersuchung auf,3,0.085,3,0.029,6,0.05600000000000001
new alps,2,0.056,4,0.039,6,0.017
geely customer,0,0.0,6,0.058,6,-0.058
indicate,0,0.0,6,0.058,6,-0.058
description,0,0.0,6,0.058,6,-0.058
backup,0,0.0,6,0.058,6,-0.058
measures,0,0.0,6,0.058,6,-0.058
ppes,0,0.0,6,0.058,6,-0.058
lear,1,0.028,5,0.048,6,-0.02
door,0,0.0,6,0.058,6,-0.058
undervoltage,1,0.028,5,0.048,6,-0.02
functions,0,0.0,6,0.058,6,-0.058
mb91f526khbpmc,1,0.028,5,0.048,6,-0.02
zwei,4,0.113,2,0.019,6,0.094
toyota s6j3001ls,0,0.0,6,0.058,6,-0.058
during test,2,0.056,4,0.039,6,0.017
ff1_df_733_df733,0,0.0,6,0.058,6,-0.058
inch,2,0.056,4,0.039,6,0.017
confirm,2,0.056,4,0.039,6,0.017
indicate top,0,0.0,6,0.058,6,-0.058
short btw,5,0.141,1,0.01,6,0.13099999999999998
cyp,0,0.0,6,0.058,6,-0.058
core0,0,0.0,6,0.058,6,-0.058
ff1_df_733_df733 adc,0,0.0,6,0.058,6,-0.058
pin26,3,0.085,2,0.019,5,0.066
vdd low,3,0.085,2,0.019,5,0.066
burning failed,0,0.0,5,0.048,5,-0.048
mcu pin164,0,0.0,5,0.048,5,-0.048
bei tieftemperatur,0,0.0,5,0.048,5,-0.048
visual failure,0,0.0,5,0.048,5,-0.048
detection,0,0.0,5,0.048,5,-0.048
messungen bei,0,0.0,5,0.048,5,-0.048
mb96f326rsbpmc,2,0.056,3,0.029,5,0.027
mb91f223pfv,2,0.056,3,0.029,5,0.027
pasdl,1,0.028,4,0.039,5,-0.011
between vcc,5,0.141,0,0.0,5,0.141
pin75,3,0.085,2,0.019,5,0.066
abnormal resistvity,5,0.141,0,0.0,5,0.141
aptiv suzhou,1,0.028,4,0.039,5,-0.011
signal error,1,0.028,4,0.039,5,-0.011
draw,2,0.056,3,0.029,5,0.027
cases,0,0.0,5,0.048,5,-0.048
resistance pin28,0,0.0,5,0.048,5,-0.048
see attached,2,0.056,3,0.029,5,0.027
foreign objects,0,0.0,5,0.048,5,-0.048
faulty adc,0,0.0,5,0.048,5,-0.048
heat,2,0.056,3,0.029,5,0.027
tsmt i2c,0,0.0,5,0.048,5,-0.048
hex,0,0.0,5,0.048,5,-0.048
automotive mb96f326rsbpmc,2,0.056,3,0.029,5,0.027
safe state,0,0.0,5,0.048,5,-0.048
tra,2,0.056,3,0.029,5,0.027
depending,0,0.0,5,0.048,5,-0.048
vgate1n,2,0.056,3,0.029,5,0.027
cy8c21645,0,0.0,5,0.048,5,-0.048
keihin,2,0.056,3,0.029,5,0.027
ic34000 pin134,0,0.0,5,0.048,5,-0.048
others abnormal,5,0.141,0,0.0,5,0.141
needs,4,0.113,1,0.01,5,0.10300000000000001
scar,0,0.0,5,0.048,5,-0.048
cyt2b75,0,0.0,5,0.048,5,-0.048
malfunction failure,0,0.0,5,0.048,5,-0.048
cust,2,0.056,3,0.029,5,0.027
design inc,0,0.0,5,0.048,5,-0.048
mcu function,1,0.028,4,0.039,5,-0.011
hase nissan,2,0.056,3,0.029,5,0.027
a15,0,0.0,5,0.048,5,-0.048
cracks inside,0,0.0,5,0.048,5,-0.048
varef2,1,0.028,4,0.039,5,-0.011
circuit caused,0,0.0,5,0.048,5,-0.048
warning,1,0.028,4,0.039,5,-0.011
entered,1,0.028,4,0.039,5,-0.011
cy96f018rbpmc,1,0.028,4,0.039,5,-0.011
proximity apply,3,0.085,2,0.019,5,0.066
circuit design,0,0.0,5,0.048,5,-0.048
tc375,4,0.113,1,0.01,5,0.10300000000000001
future car,2,0.056,3,0.029,5,0.027
normal technical,0,0.0,5,0.048,5,-0.048
rif calib,0,0.0,5,0.048,5,-0.048
pin40,0,0.0,5,0.048,5,-0.048
alm0,0,0.0,5,0.048,5,-0.048
micom lock,0,0.0,5,0.048,5,-0.048
himeji,0,0.0,5,0.048,5,-0.048
lock ucb,0,0.0,5,0.048,5,-0.048
flash ota,4,0.113,1,0.01,5,0.10300000000000001
inversion,0,0.0,5,0.048,5,-0.048
wir,0,0.0,5,0.048,5,-0.048
gear,1,0.028,4,0.039,5,-0.011
mb96f018rbpmc,0,0.0,5,0.048,5,-0.048
back,1,0.028,4,0.039,5,-0.011
sam,0,0.0,5,0.048,5,-0.048
mcu locked,0,0.0,5,0.048,5,-0.048
eol test,1,0.028,4,0.039,5,-0.011
high temperature,0,0.0,5,0.048,5,-0.048
s6ap412a78gn1c000 field,5,0.141,0,0.0,5,0.141
global,0,0.0,5,0.048,5,-0.048
dflash erase,1,0.028,4,0.039,5,-0.011
mb96f636rbpmc,2,0.056,3,0.029,5,0.027
u108,4,0.113,1,0.01,5,0.10300000000000001
veoneer,0,0.0,5,0.048,5,-0.048
harman suzhou,1,0.028,4,0.039,5,-0.011
below,0,0.0,5,0.048,5,-0.048
supply pin,4,0.113,1,0.01,5,0.10300000000000001
mtk,1,0.028,4,0.039,5,-0.011
fro,0,0.0,5,0.048,5,-0.048
static current,0,0.0,5,0.048,5,-0.048
vdda,2,0.056,3,0.029,5,0.027
blank screen,0,0.0,5,0.048,5,-0.048
t1xx_dark screen,0,0.0,5,0.048,5,-0.048
facto,2,0.056,3,0.029,5,0.027
commun,1,0.028,4,0.039,5,-0.011
pin134 pin135,0,0.0,5,0.048,5,-0.048
randomly,0,0.0,5,0.048,5,-0.048
e24l_5pcs_crf,5,0.141,0,0.0,5,0.141
cy91f575bhspmc,0,0.0,5,0.048,5,-0.048
output low,2,0.056,3,0.029,5,0.027
event generator,0,0.0,5,0.048,5,-0.048
code flash,1,0.028,4,0.039,5,-0.011
g13,3,0.085,2,0.019,5,0.066
program failed,1,0.028,4,0.039,5,-0.011
out put,2,0.056,3,0.029,5,0.027
request far,3,0.085,2,0.019,5,0.066
returned one,5,0.141,0,0.0,5,0.141
flash writing,0,0.0,5,0.048,5,-0.048
customer returned,0,0.0,5,0.048,5,-0.048
microprocessor never,0,0.0,5,0.048,5,-0.048
particle adhesion,0,0.0,5,0.048,5,-0.048
circuit short,5,0.141,0,0.0,5,0.141
vibration test,3,0.085,2,0.019,5,0.066
xtal2,0,0.0,5,0.048,5,-0.048
triggers,0,0.0,5,0.048,5,-0.048
function defect,3,0.085,2,0.019,5,0.066
y15,1,0.028,4,0.039,5,-0.011
s412t touch,3,0.085,2,0.019,5,0.066
da20,4,0.113,1,0.01,5,0.10300000000000001
customer gac,0,0.0,5,0.048,5,-0.048
shutting down,5,0.141,0,0.0,5,0.141
device communication,3,0.085,2,0.019,5,0.066
different,0,0.0,5,0.048,5,-0.048
starting,0,0.0,5,0.048,5,-0.048
processing,0,0.0,5,0.048,5,-0.048
haben,0,0.0,5,0.048,5,-0.048
a11 proj,0,0.0,5,0.048,5,-0.048
high level,2,0.056,3,0.029,5,0.027
cyt2b98cacq0azsgs,2,0.056,3,0.029,5,0.027
low level,0,0.0,5,0.048,5,-0.048
controller failure,1,0.028,4,0.039,5,-0.011
field_,2,0.056,3,0.029,5,0.027
diode drop,2,0.056,3,0.029,5,0.027
txd signal,0,0.0,5,0.048,5,-0.048
n14,3,0.085,2,0.019,5,0.066
curve,2,0.056,3,0.029,5,0.027
mcu cyt2,0,0.0,5,0.048,5,-0.048
evaluation,2,0.056,3,0.029,5,0.027
generator issue,0,0.0,5,0.048,5,-0.048
duewag,5,0.141,0,0.0,5,0.141
having,2,0.056,3,0.029,5,0.027
show abnormal,1,0.028,4,0.039,5,-0.011
eps,1,0.028,4,0.039,5,-0.011
impendance nok,5,0.141,0,0.0,5,0.141
potential,2,0.056,3,0.029,5,0.027
functional test,0,0.0,5,0.048,5,-0.048
cy44c031pw,1,0.028,4,0.039,5,-0.011
generator,0,0.0,5,0.048,5,-0.048
validation test,0,0.0,5,0.048,5,-0.048
programming error,0,0.0,5,0.048,5,-0.048
s6ap412a78gn1c000,5,0.141,0,0.0,5,0.141
trip,0,0.0,5,0.048,5,-0.048
result,1,0.028,4,0.039,5,-0.011
s6j32,0,0.0,5,0.048,5,-0.048
touch issue,1,0.028,4,0.039,5,-0.011
takosan,0,0.0,5,0.048,5,-0.048
meet specifications,0,0.0,5,0.048,5,-0.048
much,5,0.141,0,0.0,5,0.141
vacuum pack,0,0.0,5,0.048,5,-0.048
cannot boot,0,0.0,5,0.048,5,-0.048
mcu stops,0,0.0,5,0.048,5,-0.048
pin82,2,0.056,3,0.029,5,0.027
ucb lock,0,0.0,5,0.048,5,-0.048
ucontroller,2,0.056,3,0.029,5,0.027
denso wisetech,0,0.0,5,0.048,5,-0.048
standby current,0,0.0,5,0.048,5,-0.048
s6j329cls,0,0.0,5,0.048,5,-0.048
s6ap901a02gu1c000,5,0.141,0,0.0,5,0.141
work flash,1,0.028,4,0.039,5,-0.011
causes,0,0.0,5,0.048,5,-0.048
backup current,0,0.0,5,0.048,5,-0.048
mb90f922ncspmc,2,0.056,3,0.029,5,0.027
scu_lbistctrl3,0,0.0,5,0.048,5,-0.048
fail then,4,0.113,1,0.01,5,0.10300000000000001
pin97,0,0.0,5,0.048,5,-0.048
unotel,4,0.113,1,0.01,5,0.10300000000000001
manufacturing,0,0.0,5,0.048,5,-0.048
pin18,2,0.056,3,0.029,5,0.027
outputs,0,0.0,5,0.048,5,-0.048
ldo,1,0.028,4,0.039,5,-0.011
converter pin,0,0.0,5,0.048,5,-0.048
registers,0,0.0,5,0.048,5,-0.048
trap aus,0,0.0,5,0.048,5,-0.048
bus error,0,0.0,5,0.048,5,-0.048
doesnt,1,0.028,4,0.039,5,-0.011
respond,1,0.028,4,0.039,5,-0.011
master,4,0.113,1,0.01,5,0.10300000000000001
w12,1,0.028,4,0.039,5,-0.011
micro inoperable,0,0.0,5,0.048,5,-0.048
connect fail,3,0.085,2,0.019,5,0.066
digital camera,1,0.028,4,0.039,5,-0.011
confrirm issues,0,0.0,5,0.048,5,-0.048
circ,3,0.085,2,0.019,5,0.066
lbist error,1,0.028,4,0.039,5,-0.011
bmu,1,0.028,4,0.039,5,-0.011
reproduced,1,0.028,4,0.039,5,-0.011
much current,5,0.141,0,0.0,5,0.141
proximity,3,0.085,2,0.019,5,0.066
power drop,0,0.0,5,0.048,5,-0.048
lead discoloration,0,0.0,5,0.048,5,-0.048
pin135 abnormal,0,0.0,5,0.048,5,-0.048
cluster completely,0,0.0,5,0.048,5,-0.048
max,4,0.113,1,0.01,5,0.10300000000000001
valve,3,0.085,2,0.019,5,0.066
cy96f613rbpmc,4,0.113,1,0.01,5,0.10300000000000001
mcu failed,0,0.0,5,0.048,5,-0.048
s6j336,3,0.085,2,0.019,5,0.066
clock signal,1,0.028,4,0.039,5,-0.011
frozen,1,0.028,4,0.039,5,-0.011
inputs,0,0.0,5,0.048,5,-0.048
functional fail,2,0.056,3,0.029,5,0.027
detect,0,0.0,5,0.048,5,-0.048
changan,0,0.0,5,0.048,5,-0.048
smu alm9,0,0.0,5,0.048,5,-0.048
low output,2,0.056,3,0.029,5,0.027
function cracks,0,0.0,5,0.048,5,-0.048
cy8c4025pvs,3,0.085,2,0.019,5,0.066
customer b01,0,0.0,5,0.048,5,-0.048
work properly,2,0.056,3,0.029,5,0.027
upload,0,0.0,5,0.048,5,-0.048
drop test,0,0.0,5,0.048,5,-0.048
s6j328 failed,1,0.028,4,0.039,5,-0.011
communication abnormal,3,0.085,2,0.019,5,0.066
rma mode,0,0.0,5,0.048,5,-0.048
uncorrectable critical,0,0.0,5,0.048,5,-0.048
duewag krefeld,5,0.141,0,0.0,5,0.141
shutting,5,0.141,0,0.0,5,0.141
flash app,4,0.113,1,0.01,5,0.10300000000000001
cypress_a2c00050942_cbcu3,5,0.141,0,0.0,5,0.141
current value,0,0.0,5,0.048,5,-0.048
tricore,0,0.0,5,0.048,5,-0.048
q19,4,0.113,1,0.01,5,0.10300000000000001
vne,0,0.0,5,0.048,5,-0.048
checked,4,0.113,1,0.01,5,0.10300000000000001
cold reset,0,0.0,5,0.048,5,-0.048
pin level,0,0.0,5,0.048,5,-0.048
frame,0,0.0,5,0.048,5,-0.048
dnba analysis_x000d_,0,0.0,5,0.048,5,-0.048
tape reel,0,0.0,5,0.048,5,-0.048
a11,0,0.0,5,0.048,5,-0.048
s433t,2,0.056,3,0.029,5,0.027
communi,1,0.028,4,0.039,5,-0.011
between vdd,2,0.056,3,0.029,5,0.027
erase error,0,0.0,5,0.048,5,-0.048
confrirm,0,0.0,5,0.048,5,-0.048
time out,0,0.0,5,0.048,5,-0.048
miniprog4,2,0.056,3,0.029,5,0.027
unit failed,2,0.056,3,0.029,5,0.027
repeat,0,0.0,5,0.048,5,-0.048
mb91f061,0,0.0,5,0.048,5,-0.048
pin g17,2,0.056,3,0.029,5,0.027
cp8766ct,0,0.0,5,0.048,5,-0.048
gesetzt,0,0.0,5,0.048,5,-0.048
wisetech,0,0.0,5,0.048,5,-0.048
product line,0,0.0,5,0.048,5,-0.048
calib error,0,0.0,5,0.048,5,-0.048
mb95136mbpfv,0,0.0,5,0.048,5,-0.048
kyotuto,5,0.141,0,0.0,5,0.141
mb90f349espmc3,1,0.028,4,0.039,5,-0.011
bdc event,0,0.0,5,0.048,5,-0.048
esr0 signal,1,0.028,4,0.039,5,-0.011
avi verification,0,0.0,5,0.048,5,-0.048
pin29,3,0.085,2,0.019,5,0.066
vddd short,5,0.141,0,0.0,5,0.141
applied more,5,0.141,0,0.0,5,0.141
wdi,0,0.0,5,0.048,5,-0.048
faile,5,0.141,0,0.0,5,0.141
pin74,1,0.028,4,0.039,5,-0.011
fct test,1,0.028,4,0.039,5,-0.011
n1e,0,0.0,5,0.048,5,-0.048
faurecia coagent,0,0.0,5,0.048,5,-0.048
return fro,0,0.0,5,0.048,5,-0.048
tieftemperatur,0,0.0,5,0.048,5,-0.048
e17,5,0.141,0,0.0,5,0.141
astemo,2,0.056,3,0.029,5,0.027
tech,1,0.028,4,0.039,5,-0.011
einem,0,0.0,5,0.048,5,-0.048
cluster display,2,0.056,3,0.029,5,0.027
interrupt,1,0.028,4,0.039,5,-0.011
ecu failed,0,0.0,5,0.048,5,-0.048
csd raw,2,0.056,3,0.029,5,0.027
irregular signal,0,0.0,5,0.048,5,-0.048
channels,0,0.0,5,0.048,5,-0.048
flash cannot,2,0.056,3,0.029,5,0.027
read error,1,0.028,4,0.039,5,-0.011
voltage fail,0,0.0,5,0.048,5,-0.048
trip function,0,0.0,5,0.048,5,-0.048
an20,0,0.0,5,0.048,5,-0.048
cy96f696rbpmc,1,0.028,4,0.039,5,-0.011
resistanc,5,0.141,0,0.0,5,0.141
too much,5,0.141,0,0.0,5,0.141
pcs s6j328,1,0.028,4,0.039,5,-0.011
communic,0,0.0,5,0.048,5,-0.048
mic,0,0.0,5,0.048,5,-0.048
retu,1,0.028,4,0.039,5,-0.011
fps,0,0.0,5,0.048,5,-0.048
sqp b201900050772,0,0.0,5,0.048,5,-0.048
leads side,0,0.0,5,0.048,5,-0.048
jta,0,0.0,5,0.048,5,-0.048
lose function,2,0.056,3,0.029,5,0.027
t1xx_dark,0,0.0,5,0.048,5,-0.048
cy96f016yb,0,0.0,5,0.048,5,-0.048
mod,0,0.0,5,0.048,5,-0.048
background,0,0.0,5,0.048,5,-0.048
specifications,0,0.0,5,0.048,5,-0.048
specific,0,0.0,5,0.048,5,-0.048
high temp,1,0.028,4,0.039,5,-0.011
cy90f037jds,0,0.0,5,0.048,5,-0.048
sck,2,0.056,3,0.029,5,0.027
mb91f525ksdpmc,0,0.0,5,0.048,5,-0.048
wir haben,0,0.0,5,0.048,5,-0.048
calib,0,0.0,5,0.048,5,-0.048
programming issues,0,0.0,5,0.048,5,-0.048
projekt duewag,5,0.141,0,0.0,5,0.141
probleme,0,0.0,5,0.048,5,-0.048
technical complaint,0,0.0,5,0.048,5,-0.048
sam request,0,0.0,5,0.048,5,-0.048
operating,0,0.0,5,0.048,5,-0.048
customer programming,0,0.0,5,0.048,5,-0.048
button,1,0.028,4,0.039,5,-0.011
tc2,0,0.0,5,0.048,5,-0.048
sanyo,1,0.028,4,0.039,5,-0.011
sent,3,0.085,2,0.019,5,0.066
gnd low,5,0.141,0,0.0,5,0.141
resistvity,5,0.141,0,0.0,5,0.141
gac a11,0,0.0,5,0.048,5,-0.048
sq2011,0,0.0,5,0.048,5,-0.048
s412t,3,0.085,2,0.019,5,0.066
lead frame,0,0.0,5,0.048,5,-0.048
csd,2,0.056,3,0.029,5,0.027
mitsubishi himeji,0,0.0,5,0.048,5,-0.048
inf,1,0.028,4,0.039,5,-0.011
v19 w20,5,0.141,0,0.0,5,0.141
honda s6j3001lsj,0,0.0,5,0.048,5,-0.048
analysis request_mfg,0,0.0,5,0.048,5,-0.048
bent need,0,0.0,5,0.048,5,-0.048
customer return,3,0.085,2,0.019,5,0.066
volume,4,0.113,1,0.01,5,0.10300000000000001
verify,0,0.0,5,0.048,5,-0.048
further testing,0,0.0,5,0.048,5,-0.048
supply current,0,0.0,5,0.048,5,-0.048
msc,0,0.0,5,0.048,5,-0.048
restart,0,0.0,5,0.048,5,-0.048
analysis_x000d_,0,0.0,5,0.048,5,-0.048
pin2 abnormal,0,0.0,5,0.048,5,-0.048
mcu defect,0,0.0,5,0.048,5,-0.048
fact,3,0.085,2,0.019,5,0.066
radar,2,0.056,3,0.029,5,0.027
customer confirmed,4,0.113,1,0.01,5,0.10300000000000001
completely off,0,0.0,5,0.048,5,-0.048
inch project,2,0.056,3,0.029,5,0.027
cy8c4147lqs,4,0.113,1,0.01,5,0.10300000000000001
b201900050772,0,0.0,5,0.048,5,-0.048
tailgate,3,0.085,2,0.019,5,0.066
error between,2,0.056,3,0.029,5,0.027
request_mfg,0,0.0,5,0.048,5,-0.048
objects,0,0.0,5,0.048,5,-0.048
room,0,0.0,5,0.048,5,-0.048
fehlerhaft,2,0.056,3,0.029,5,0.027
f16,0,0.0,5,0.048,5,-0.048
symptom,1,0.028,4,0.039,5,-0.011
customer takosan,0,0.0,5,0.048,5,-0.048
v20,3,0.085,2,0.019,5,0.066
crystal waveform,1,0.028,4,0.039,5,-0.011
token,4,0.113,1,0.01,5,0.10300000000000001
automatic tailgate,3,0.085,2,0.019,5,0.066
failing depending,0,0.0,5,0.048,5,-0.048
voltages,1,0.028,4,0.039,5,-0.011
follows,1,0.028,4,0.039,5,-0.011
avi,0,0.0,5,0.048,5,-0.048
pin83,4,0.113,1,0.01,5,0.10300000000000001
